Salt Lake City International Airport,Salt Lake City,UT,USA,40.78839,-111.97777,Southwest Airlines Co.,2015,2,24,2,4210,N8640D,MDW,1605,1603,-2,11,1614,185,183,157,1259,1951,15,2010,2006,-4,0,0,,,,,,	
Honolulu International Airport,Honolulu,HI,USA,21.31869,-157.92241,Alaska Airlines Inc.,2015,3,22,7,834,N535AS,PDX,1120,1111,-9,20,1131,330,328,305,2603,1936,3,1950,1939,-11,0,0,,,,,,	
Detroit Metropolitan Airport,Detroit,MI,USA,42.21206,-83.34884,Delta Air Lines Inc.,2015,7,1,3,2021,N328NW,PHX,1740,1739,-1,20,1759,248,252,228,1671,1847,4,1848,1851,3,0,0,,,,,,	
Louis Armstrong New Orleans International Airport,New Orleans,LA,USA,29.99339,-90.25803,Southwest Airlines Co.,2015,2,26,4,121,N247WN,FLL,1845,1844,-1,12,1856,105,104,87,674,2123,5,2130,2128,-2,0,0,,,,,,	
Philadelphia International Airport,Philadelphia,PA,USA,39.87195,-75.24114,American Airlines Inc.,2015,11,9,1,1733,N935UW,CLT,1525,1522,-3,14,1536,105,99,79,449,1655,6,1710,1701,-9,0,0,,,,,,	
NA,NA,NA,NA,NA,American Eagle Airlines Inc.,Delta Air Lines Inc.,2015,10,15,4,1603,N363NW,13487,0510,0507,-3,14,0521,62,54,35,223,0556,5,0612,0601,-11,0,0,,,,,,	
Tampa International Airport,Tampa,FL,USA,27.97547,-82.53325,Delta Air Lines Inc.,2015,12,11,5,2137,N698DL,ATL,0720,0716,-4,30,0746,98,111,72,406,0858,9,0858,0907,9,0,0,,,,,,	
Tampa International Airport,Tampa,FL,USA,27.97547,-82.53325,Southwest Airlines Co.,2015,3,8,7,572,N632SW,PVD,1410,1413,3,10,1423,165,157,144,1136,1647,3,1655,1650,-5,0,0,,,,,,	
Ronald Reagan Washington National Airport,Arlington,VA,USA,38.85208,-77.03772,American Airlines Inc.,2015,7,26,7,2119,N952UW,BOS,1330,1324,-6,15,1339,82,83,63,399,1442,5,1452,1447,-5,0,0,,,,,,	
Nashville International Airport,Nashville,TN,USA,36.12448,-86.67818,American Airlines Inc.,2015,6,2,2,2348,N480AA,DFW,0730,0725,-5,21,0746,125,120,85,631,0911,14,0935,0925,-10,0,0,,,,,,	
Fresno Yosemite International Airport,Fresno,CA,USA,36.77619,-119.71814,Skywest Airlines Inc.,2015,3,14,6,2871,N417SW,LAX,1553,1624,31,9,1633,73,65,42,209,1715,14,1706,1729,23,0,0,,0,0,21,2,0	
Chicago Midway International Airport,Chicago,IL,USA,41.78598,-87.75242,Southwest Airlines Co.,2015,3,2,1,1209,N211WN,ATL,1730,1729,-1,9,1738,115,96,80,591,1958,7,2025,2005,-20,0,0,,,,,,	
Bob Hope Airport (Hollywood Burbank Airport),Burbank,CA,USA,34.20062,-118.35850,Skywest Airlines Inc.,2015,12,15,2,3457,N224AG,PDX,0920,0905,-15,15,0920,143,149,128,817,1128,6,1143,1134,-9,0,0,,,,,,	
Chicago O'Hare International Airport,Chicago,IL,USA,41.97960,-87.90446,American Eagle Airlines Inc.,2015,7,7,2,3562,N625MQ,TOL,0824,0818,-6,10,0828,61,51,37,213,1005,4,1025,1009,-16,0,0,,,,,,	
Orlando International Airport,Orlando,FL,USA,28.42889,-81.31603,JetBlue Airways,2015,9,3,4,452,N709JB,BOS,1325,1329,4,13,1342,172,162,141,1121,1603,8,1617,1611,-6,0,0,,,,,,	
Austin-Bergstrom International Airport,Austin,TX,USA,30.19453,-97.66987,Skywest Airlines Inc.,2015,7,2,4,5653,N753SK,LAX,0805,0950,105,20,1010,192,176,148,1242,1038,8,0917,1046,89,0,0,,0,0,89,0,0	
Port Columbus International Airport,Columbus,OH,USA,39.99799,-82.89188,Skywest Airlines Inc.,2015,4,26,7,4983,N910SW,ORD,1804,1819,15,9,1828,89,77,55,296,1823,13,1833,1836,3,0,0,,,,,,	
Miami International Airport,Miami,FL,USA,25.79325,-80.29056,Delta Air Lines Inc.,2015,9,18,5,749,N910DE,ATL,0900,1302,242,15,1317,116,107,83,594,1440,9,1056,1449,233,0,0,,0,0,233,0,0	
Baltimore-Washington International Airport,Baltimore,MD,USA,39.17540,-76.66820,Southwest Airlines Co.,2015,1,27,2,1123,N663SW,MCO,1805,1846,41,10,1856,145,125,112,787,2048,3,2030,2051,21,0,0,,0,0,4,17,0	
Norman Y. Mineta San José International Airport,San Jose,CA,USA,37.36186,-121.92901,American Airlines Inc.,2015,8,6,4,2431,N514AA,DFW,1020,1014,-6,11,1025,211,196,176,1438,1521,9,1551,1530,-21,0,0,,,,,,	
Petersburg James A. Johnson Airport,Petersburg,AK,USA,56.80165,-132.94528,Alaska Airlines Inc.,2015,9,4,5,64,N763AS,WRG,1623,1622,-1,10,1632,20,22,9,31,1641,3,1643,1644,1,0,0,,,,,,	
Sacramento International Airport,Sacramento,CA,USA,38.69542,-121.59077,Alaska Airlines Inc.,2015,4,25,6,355,N563AS,SEA,1135,1127,-8,10,1137,105,116,99,605,1316,7,1320,1323,3,0,0,,,,,,	
Denver International Airport,Denver,CO,USA,39.85841,-104.66700,Frontier Airlines Inc.,2015,12,16,3,710,N201FR,RSW,2359,0001,2,19,0020,211,221,195,1607,0535,7,0530,0542,12,0,0,,,,,,	
George Bush Intercontinental Airport,Houston,TX,USA,29.98047,-95.33972,United Air Lines Inc.,2015,3,21,6,260,N411UA,TPA,1010,1027,17,21,1048,124,121,98,787,1326,2,1314,1328,14,0,0,,,,,,	
NA,NA,NA,NA,NA,American Airlines Inc.,United Air Lines Inc.,2015,10,5,1,1952,N77510,12889,0700,0653,-7,12,0705,272,266,248,1824,0813,6,0832,0819,-13,0,0,,,,,,	
William P. Hobby Airport,Houston,TX,USA,29.64542,-95.27889,Southwest Airlines Co.,2015,5,3,7,618,N8665D,PHX,1230,1234,4,13,1247,165,152,133,1020,1300,6,1315,1306,-9,0,0,,,,,,	
NA,NA,NA,NA,NA,Alaska Airlines Inc.,Spirit Air Lines,2015,10,21,3,473,N527NK,12892,1045,1050,5,15,1105,288,274,253,1947,1218,6,1233,1224,-9,0,0,,,,,,	
San Francisco International Airport,San Francisco,CA,USA,37.61900,-122.37484,Virgin America,2015,2,16,1,942,N835VA,LAX,1845,1845,0,23,1908,80,98,61,337,2009,14,2005,2023,18,0,0,,0,0,0,0,18	
NA,NA,NA,NA,NA,Alaska Airlines Inc.,Atlantic Southeast Airlines,2015,10,17,6,6109,N11107,14108,0914,0907,-7,28,0935,55,58,26,130,1001,4,1009,1005,-4,0,0,,,,,,	
Dallas/Fort Worth International Airport,Dallas-Fort Worth,TX,USA,32.89595,-97.03720,American Eagle Airlines Inc.,2015,6,1,1,3558,N664MQ,CLL,1345,1341,-4,11,1352,58,47,29,164,1421,7,1443,1428,-15,0,0,,,,,,	
James M. Cox Dayton International Airport,Dayton,OH,USA,39.90238,-84.21938,Southwest Airlines Co.,2015,7,19,7,3303,N969WN,BWI,0600,0557,-3,8,0605,80,73,60,406,0705,5,0720,0710,-10,0,0,,,,,,	
Chicago O'Hare International Airport,Chicago,IL,USA,41.97960,-87.90446,Atlantic Southeast Airlines,2015,2,8,7,4737,N14573,CLE,1715,1759,44,21,1820,82,79,52,315,2012,6,1937,2018,41,0,0,,0,0,0,0,41	
Denver International Airport,Denver,CO,USA,39.85841,-104.66700,Skywest Airlines Inc.,2015,8,15,6,5641,N743SK,COS,1946,1945,-1,14,1959,39,41,17,73,2016,10,2025,2026,1,0,0,,,,,,	
Dallas Love Field,Dallas,TX,USA,32.84711,-96.85177,Southwest Airlines Co.,2015,1,4,7,1909,N282WN,MAF,0855,0929,34,9,0938,70,61,48,319,1026,4,1005,1030,25,0,0,,0,0,1,24,0	
Cleveland Hopkins International Airport,Cleveland,OH,USA,41.41089,-81.84940,United Air Lines Inc.,2015,2,16,1,1659,N15710,ORD,0830,0830,0,21,0851,94,90,63,315,0854,6,0904,0900,-4,0,0,,,,,,	
McCarran International Airport,Las Vegas,NV,USA,36.08036,-115.15233,Spirit Air Lines,2015,1,17,6,469,N534NK,OAK,1145,1141,-4,12,1153,91,86,67,407,1300,7,1316,1307,-9,0,0,,,,,,	
Kansas City International Airport,Kansas City,MO,USA,39.29761,-94.71391,Spirit Air Lines,2015,2,20,5,816,N529NK,DTW,1205,1203,-2,11,1214,111,109,87,629,1441,11,1456,1452,-4,0,0,,,,,,	
Springfield-Branson National Airport,Springfield,MO,USA,37.24433,-93.38686,American Eagle Airlines Inc.,2015,3,28,6,3187,N935MQ,DFW,0850,0845,-5,12,0857,95,80,54,364,0951,14,1025,1005,-20,0,0,,,,,,	
Orlando International Airport,Orlando,FL,USA,28.42889,-81.31603,Southwest Airlines Co.,2015,8,5,3,1544,N8602F,SAN,1040,1141,61,9,1150,295,272,259,2149,1309,4,1235,1313,38,0,0,,0,0,31,7,0	
NA,NA,NA,NA,NA,Alaska Airlines Inc.,Delta Air Lines Inc.,2015,10,5,1,1173,N903DE,10693,1920,1920,0,10,1930,69,58,30,214,1900,18,1929,1918,-11,0,0,,,,,,	
William P. Hobby Airport,Houston,TX,USA,29.64542,-95.27889,Southwest Airlines Co.,2015,9,21,1,1708,N691WN,STL,1640,1643,3,8,1651,115,118,105,687,1836,5,1835,1841,6,0,0,,,,,,	
LaGuardia Airport (Marine Air Terminal),New York,NY,USA,40.77724,-73.87261,American Airlines Inc.,2015,8,10,1,302,N547AA,ORD,1331,1717,226,62,1819,164,205,128,733,1927,15,1515,1942,267,0,0,,223,0,0,44,0	
Los Angeles International Airport,Los Angeles,CA,USA,33.94254,-118.40807,US Airways Inc.,2015,4,25,6,796,N189UW,PHL,1105,1114,9,26,1140,320,299,269,2402,1909,4,1925,1913,-12,0,0,,,,,,	
Phoenix Sky Harbor International Airport,Phoenix,AZ,USA,33.43417,-112.00806,Skywest Airlines Inc.,2015,9,25,5,6215,N133SY,SFO,0743,0738,-5,24,0802,134,131,102,651,0944,5,0957,0949,-8,0,0,,,,,,	
NA,NA,NA,NA,NA,Alaska Airlines Inc.,Alaska Airlines Inc.,2015,10,31,6,927,N508AS,14747,2355,2346,-9,26,0012,163,230,200,954,0232,4,0138,0236,58,0,0,,58,0,0,0,0	
Dallas Love Field,Dallas,TX,USA,32.84711,-96.85177,Southwest Airlines Co.,2015,6,17,3,1724,N523SW,MSY,0750,0754,4,22,0816,80,90,64,436,0920,4,0910,0924,14,0,0,,,,,,	
Denver International Airport,Denver,CO,USA,39.85841,-104.66700,Skywest Airlines Inc.,2015,7,18,6,5230,N706SK,EUG,1900,1901,1,17,1918,165,156,135,996,2033,4,2045,2037,-8,0,0,,,,,,	
Brunswick Golden Isles Airport,Brunswick,GA,USA,31.25903,-81.46631,Atlantic Southeast Airlines,2015,11,5,4,4992,N916EV,ATL,1200,1157,-3,31,1228,70,88,52,238,1320,5,1310,1325,15,0,0,,15,0,0,0,0	
Los Angeles International Airport,Los Angeles,CA,USA,33.94254,-118.40807,United Air Lines Inc.,2015,8,22,6,1227,N78509,LIH,0920,0926,6,21,0947,360,355,328,2615,1215,6,1220,1221,1,0,0,,,,,,	
St. Louis International Airport at Lambert Field,St Louis,MO,USA,38.74769,-90.35999,Skywest Airlines Inc.,2015,7,16,4,4975,N110SY,SFO,0625,0651,26,12,0703,274,259,232,1735,0855,15,0859,0910,11,0,0,,,,,,	
Shreveport Regional Airport,Shreveport,LA,USA,32.44663,-93.82560,Atlantic Southeast Airlines,2015,7,12,7,5660,N17138,IAH,0705,0720,15,9,0729,62,50,35,192,0804,6,0807,0810,3,0,0,,,,,,	
Los Angeles International Airport,Los Angeles,CA,USA,33.94254,-118.40807,Southwest Airlines Co.,2015,5,27,3,801,N257WN,DEN,1120,1135,15,8,1143,140,126,112,862,1435,6,1440,1441,1,0,0,,,,,,	
Ronald Reagan Washington National Airport,Arlington,VA,USA,38.85208,-77.03772,US Airways Inc.,2015,4,23,4,621,N656AW,PHX,0700,0655,-5,33,0728,318,336,301,1979,0929,2,0918,0931,13,0,0,,,,,,	
Phoenix Sky Harbor International Airport,Phoenix,AZ,USA,33.43417,-112.00806,US Airways Inc.,2015,5,28,4,776,N524UW,PHL,1210,1238,28,15,1253,273,274,253,2075,2006,6,1943,2012,29,0,0,,1,0,28,0,0	
Dallas/Fort Worth International Airport,Dallas-Fort Worth,TX,USA,32.89595,-97.03720,American Airlines Inc.,2015,6,24,3,2429,N4WKAA,SAT,1850,2020,90,12,2032,74,54,40,247,2112,2,2004,2114,70,0,0,,0,0,0,70,0	
Des Moines International Airport,Des Moines,IA,USA,41.53493,-93.66068,Atlantic Southeast Airlines,2015,8,5,3,4151,N14203,EWR,0623,0613,-10,9,0622,157,153,127,1017,0929,17,1000,0946,-14,0,0,,,,,,	
Lehigh Valley International Airport,Allentown,PA,USA,40.65236,-75.44040,Atlantic Southeast Airlines,2015,3,4,3,6021,N34110,ORD,0600,0557,-3,29,0626,140,169,128,654,0734,12,0720,0746,26,0,0,,26,0,0,0,0	
Hartsfield-Jackson Atlanta International Airport,Atlanta,GA,USA,33.64044,-84.42694,Delta Air Lines Inc.,2015,12,30,3,1861,N979AT,LIT,1320,1501,101,14,1515,96,87,70,453,1525,3,1356,1528,92,0,0,,0,0,32,60,0	
Austin-Bergstrom International Airport,Austin,TX,USA,30.19453,-97.66987,Southwest Airlines Co.,2015,6,22,1,238,N947WN,DAL,1230,1253,23,9,1302,55,51,38,189,1340,4,1325,1344,19,0,0,,0,0,17,2,0	
Rick Husband Amarillo International Airport,Amarillo,TX,USA,35.21937,-101.70593,American Eagle Airlines Inc.,2015,1,29,4,2957,N520MQ,DFW,0559,0552,-7,13,0605,74,60,43,312,0648,4,0713,0652,-21,0,0,,,,,,	
St. Louis International Airport at Lambert Field,St Louis,MO,USA,38.74769,-90.35999,Southwest Airlines Co.,2015,3,12,4,4574,N791SW,DAL,0600,0558,-2,12,0610,110,95,79,546,0729,4,0750,0733,-17,0,0,,,,,,	
Fort Lauderdale-Hollywood International Airport,Ft. Lauderdale,FL,USA,26.07258,-80.15275,United Air Lines Inc.,2015,1,14,3,250,N460UA,EWR,0830,0819,-11,15,0834,176,170,145,1065,1059,10,1126,1109,-17,0,0,,,,,,	
St. Louis International Airport at Lambert Field,St Louis,MO,USA,38.74769,-90.35999,Southwest Airlines Co.,2015,1,15,4,300,N610WN,DEN,0625,0622,-3,16,0638,150,130,109,770,0727,5,0755,0732,-23,0,0,,,,,,	
George Bush Intercontinental Airport,Houston,TX,USA,29.98047,-95.33972,Atlantic Southeast Airlines,2015,6,20,6,4114,N14198,AMA,0858,0853,-5,13,0906,102,90,71,517,1017,6,1040,1023,-17,0,0,,,,,,	
Seattle-Tacoma International Airport,Seattle,WA,USA,47.44898,-122.30931,Alaska Airlines Inc.,2015,9,17,4,524,N526AS,BUR,1935,1928,-7,24,1952,142,150,120,937,2152,6,2157,2158,1,0,0,,,,,,	
Hartsfield-Jackson Atlanta International Airport,Atlanta,GA,USA,33.64044,-84.42694,Southwest Airlines Co.,2015,8,24,1,490,N768SW,LGA,1730,1732,2,11,1743,140,117,99,762,1922,7,1950,1929,-21,0,0,,,,,,	
Baltimore-Washington International Airport,Baltimore,MD,USA,39.17540,-76.66820,Southwest Airlines Co.,2015,6,4,4,475,N640SW,DAL,1815,2158,223,17,2215,200,194,171,1209,0006,6,2035,0012,217,0,0,,0,0,12,205,0	
Seattle-Tacoma International Airport,Seattle,WA,USA,47.44898,-122.30931,American Airlines Inc.,2015,9,14,1,1998,N581UW,CLT,1320,1315,-5,33,1348,302,303,261,2279,2109,9,2122,2118,-4,0,0,,,,,,	
Newark Liberty International Airport,Newark,NJ,USA,40.69250,-74.16866,Delta Air Lines Inc.,2015,4,9,4,2558,N988AT,ATL,0845,0839,-6,24,0903,156,135,106,746,1049,5,1121,1054,-27,0,0,,,,,,	
Hartsfield-Jackson Atlanta International Airport,Atlanta,GA,USA,33.64044,-84.42694,American Airlines Inc.,2015,9,24,4,232,N3HDAA,DFW,1927,2033,66,15,2048,155,126,101,731,2129,10,2102,2139,37,0,0,,0,0,0,37,0	
Fort Lauderdale-Hollywood International Airport,Ft. Lauderdale,FL,USA,26.07258,-80.15275,Delta Air Lines Inc.,2015,2,10,2,2446,N532US,ATL,1445,1445,0,14,1459,121,110,89,581,1628,7,1646,1635,-11,0,0,,,,,,	
Fort Lauderdale-Hollywood International Airport,Ft. Lauderdale,FL,USA,26.07258,-80.15275,Delta Air Lines Inc.,2015,9,20,7,1589,N523US,ATL,1140,1206,26,17,1223,119,107,77,581,1340,13,1339,1353,14,0,0,,,,,,	
Cleveland Hopkins International Airport,Cleveland,OH,USA,41.41089,-81.84940,Delta Air Lines Inc.,2015,2,14,6,1474,N909DL,ATL,1300,1635,215,28,1703,121,108,74,554,1817,6,1501,1823,202,0,0,,0,0,3,182,17	
Washington Dulles International Airport,Chantilly,VA,USA,38.94453,-77.45581,United Air Lines Inc.,2015,3,19,4,145,N66051,HNL,0855,0852,-3,12,0904,647,637,613,4817,1317,12,1342,1329,-13,0,0,,,,,,	
Oakland International Airport,Oakland,CA,USA,37.72129,-122.22072,Southwest Airlines Co.,2015,8,6,4,235,N554WN,ONT,1240,1255,15,10,1305,70,73,58,362,1403,5,1350,1408,18,0,0,,3,0,4,11,0	
Bishop International Airport,Flint,MI,USA,42.96550,-83.74346,Southwest Airlines Co.,2015,4,6,1,145,N8621A,LAS,1525,1524,-1,7,1531,265,262,249,1733,1640,6,1650,1646,-4,0,0,,,,,,	
Jackson Hole Airport,Jackson,WY,USA,43.60732,-110.73774,Skywest Airlines Inc.,2015,3,14,6,4994,N771SK,LAX,1736,1726,-10,8,1734,146,148,97,784,1811,43,1902,1854,-8,0,0,,,,,,	
NA,NA,NA,NA,NA,Alaska Airlines Inc.,Delta Air Lines Inc.,2015,10,20,2,1589,N553NW,10397,1145,1143,-2,10,1153,113,101,85,581,1318,6,1338,1324,-14,0,0,,,,,,	
John F. Kennedy International Airport (New York International Airport),New York,NY,USA,40.63975,-73.77893,American Eagle Airlines Inc.,2015,3,13,5,3378,N524MQ,DCA,1305,1301,-4,14,1315,78,81,51,213,1406,16,1423,1422,-1,0,0,,,,,,	
Dallas Love Field,Dallas,TX,USA,32.84711,-96.85177,Southwest Airlines Co.,2015,5,27,3,614,N8603F,LAX,1945,2045,60,13,2058,200,192,170,1246,2148,9,2105,2157,52,0,0,,0,0,14,38,0	
Hartsfield-Jackson Atlanta International Airport,Atlanta,GA,USA,33.64044,-84.42694,Delta Air Lines Inc.,2015,8,17,1,2348,N586NW,SEA,2230,2318,48,17,2335,319,308,285,2182,0120,6,0049,0126,37,0,0,,0,0,0,0,37	
Salt Lake City International Airport,Salt Lake City,UT,USA,40.78839,-111.97777,Southwest Airlines Co.,2015,4,18,6,2838,N947WN,DEN,1625,1623,-2,9,1632,85,76,61,391,1733,6,1750,1739,-11,0,0,,,,,,	
Yellowstone Regional Airport,Cody,WY,USA,44.52019,-109.02380,Skywest Airlines Inc.,2015,7,17,5,7381,N418SW,SLC,1252,1258,6,14,1312,75,76,57,298,1409,5,1407,1414,7,0,0,,,,,,	
Salt Lake City International Airport,Salt Lake City,UT,USA,40.78839,-111.97777,Southwest Airlines Co.,2015,12,7,1,2485,N263WN,OAK,0600,0554,-6,10,0604,125,99,83,588,0627,6,0705,0633,-32,0,0,,,,,,	
Newark Liberty International Airport,Newark,NJ,USA,40.69250,-74.16866,United Air Lines Inc.,2015,6,22,1,1621,N27733,CLE,2006,2006,0,35,2041,99,102,61,404,2142,6,2145,2148,3,0,0,,,,,,	
Eppley Airfield,Omaha,NE,USA,41.30252,-95.89417,American Airlines Inc.,2015,8,18,2,196,N4YTAA,DFW,1243,1442,119,28,1510,111,123,90,583,1640,5,1434,1645,131,0,0,,12,0,0,119,0	
Chicago O'Hare International Airport,Chicago,IL,USA,41.97960,-87.90446,Skywest Airlines Inc.,2015,12,18,5,5489,N144SY,BNA,1730,1734,4,14,1748,94,84,60,409,1848,10,1904,1858,-6,0,0,,,,,,	
NA,NA,NA,NA,NA,Alaska Airlines Inc.,Delta Air Lines Inc.,2015,10,23,5,1298,N752AT,12892,1415,1414,-1,13,1427,235,217,199,1535,1546,5,1610,1551,-19,0,0,,,,,,	
Pittsburgh International Airport,Pittsburgh,PA,USA,40.49147,-80.23287,JetBlue Airways,2015,4,30,4,1786,N328JB,BOS,1557,1556,-1,10,1606,97,97,81,496,1727,6,1734,1733,-1,0,0,,,,,,	
Sacramento International Airport,Sacramento,CA,USA,38.69542,-121.59077,Delta Air Lines Inc.,2015,1,28,3,2384,N340NW,SLC,0615,0610,-5,11,0621,99,95,76,532,0837,8,0854,0845,-9,0,0,,,,,,	
Chicago O'Hare International Airport,Chicago,IL,USA,41.97960,-87.90446,US Airways Inc.,2015,5,17,7,1853,N561UW,CLT,0535,0527,-8,13,0540,111,112,82,599,0802,17,0826,0819,-7,0,0,,,,,,	
George Bush Intercontinental Airport,Houston,TX,USA,29.98047,-95.33972,Atlantic Southeast Airlines,2015,2,2,1,4545,N12160,RDU,1907,1903,-4,14,1917,148,148,125,1042,2222,9,2235,2231,-4,0,0,,,,,,	
NA,NA,NA,NA,NA,Alaska Airlines Inc.,Southwest Airlines Co.,2015,10,6,2,1190,N520SW,11259,2100,2056,-4,7,2103,80,75,65,436,2208,3,2220,2211,-9,0,0,,,,,,	
Charleston International Airport/Charleston AFB,Charleston,SC,USA,32.89865,-80.04051,Delta Air Lines Inc.,2015,11,15,7,2252,N948DL,ATL,0845,0839,-6,17,0856,78,74,52,259,0948,5,1003,0953,-10,0,0,,,,,,	
Dallas/Fort Worth International Airport,Dallas-Fort Worth,TX,USA,32.89595,-97.03720,American Airlines Inc.,2015,1,17,6,334,N467AA,MFE,0915,1014,59,16,1030,94,84,63,469,1133,5,1049,1138,49,0,0,,0,0,49,0,0	
Minneapolis-Saint Paul International Airport,Minneapolis,MN,USA,44.88055,-93.21692,Southwest Airlines Co.,2015,7,30,4,184,N478WN,MCI,0550,0547,-3,8,0555,80,73,60,393,0655,5,0710,0700,-10,0,0,,,,,,	
Dallas/Fort Worth International Airport,Dallas-Fort Worth,TX,USA,32.89595,-97.03720,American Eagle Airlines Inc.,2015,1,20,2,3604,N697MQ,SGF,1750,1749,-1,16,1805,76,73,53,364,1858,4,1906,1902,-4,0,0,,,,,,	
Hartsfield-Jackson Atlanta International Airport,Atlanta,GA,USA,33.64044,-84.42694,Atlantic Southeast Airlines,2015,2,11,3,5351,N859AS,ABY,2046,2128,42,8,2136,51,37,27,145,2203,2,2137,2205,28,0,0,,0,0,28,0,0	
Gen. Edward Lawrence Logan International Airport,Boston,MA,USA,42.36435,-71.00518,JetBlue Airways,2015,11,26,4,721,N651JB,PBI,0611,0606,-5,20,0626,197,168,145,1197,0851,3,0928,0854,-34,0,0,,,,,,	
Detroit Metropolitan Airport,Detroit,MI,USA,42.21206,-83.34884,Southwest Airlines Co.,2015,2,3,2,585,N406WN,ATL,0600,0603,3,16,0619,130,109,85,594,0744,8,0810,0752,-18,0,0,,,,,,	
Detroit Metropolitan Airport,Detroit,MI,USA,42.21206,-83.34884,Delta Air Lines Inc.,2015,6,1,1,1384,N991AT,CLT,0725,0725,0,11,0736,102,90,75,500,0851,4,0907,0855,-12,0,0,,,,,,	
Honolulu International Airport,Honolulu,HI,USA,21.31869,-157.92241,United Air Lines Inc.,2015,4,8,3,1562,N75858,SFO,1255,1312,17,14,1326,311,309,288,2398,2114,7,2106,2121,15,0,0,,0,0,12,3,0	
Portland International Airport,Portland,OR,USA,45.58872,-122.59750,Alaska Airlines Inc.,2015,11,26,4,408,N797AS,SJC,1110,1105,-5,11,1116,105,91,77,569,1233,3,1255,1236,-19,0,0,,,,,,	
Dallas/Fort Worth International Airport,Dallas-Fort Worth,TX,USA,32.89595,-97.03720,American Eagle Airlines Inc.,2015,8,16,7,3208,N935MQ,PIA,2020,2020,0,15,2035,126,118,99,672,2214,4,2226,2218,-8,0,0,,,,,,	
Baltimore-Washington International Airport,Baltimore,MD,USA,39.17540,-76.66820,Southwest Airlines Co.,2015,8,9,7,1094,N8646B,RSW,0840,0838,-2,18,0856,165,148,124,919,1100,6,1125,1106,-19,0,0,,,,,,	
NA,NA,NA,NA,NA,Alaska Airlines Inc.,Hawaiian Airlines Inc.,2015,10,29,4,396,N492HA,13830,1138,1138,0,27,1205,42,54,21,100,1226,6,1220,1232,12,0,0,,,,,,	
Dallas/Fort Worth International Airport,Dallas-Fort Worth,TX,USA,32.89595,-97.03720,American Airlines Inc.,2015,8,10,1,1418,N437AA,DTW,1825,1820,-5,12,1832,169,141,122,986,2134,7,2214,2141,-33,0,0,,,,,,	
George Bush Intercontinental Airport,Houston,TX,USA,29.98047,-95.33972,Atlantic Southeast Airlines,2015,8,24,1,4685,N14143,PIT,0715,0710,-5,11,0721,172,168,152,1117,1053,5,1107,1058,-9,0,0,,,,,,	
Cincinnati/Northern Kentucky International Airport,Covington,KY,USA,39.04614,-84.66217,American Eagle Airlines Inc.,2015,7,15,3,3471,N941MQ,DFW,1427,1420,-7,10,1430,153,147,116,812,1526,21,1600,1547,-13,0,0,,,,,,	
Los Angeles International Airport,Los Angeles,CA,USA,33.94254,-118.40807,Southwest Airlines Co.,2015,2,15,7,1105,N240WN,PHX,1205,1203,-2,11,1214,80,76,61,370,1415,4,1425,1419,-6,0,0,,,,,,	
NA,NA,NA,NA,NA,Alaska Airlines Inc.,JetBlue Airways,2015,10,25,7,597,N708JB,14747,0840,0836,-4,23,0859,376,401,365,2496,1204,13,1156,1217,21,0,0,,21,0,0,0,0	
Newark Liberty International Airport,Newark,NJ,USA,40.69250,-74.16866,United Air Lines Inc.,2015,6,30,2,1022,N29717,ATL,1647,1655,8,20,1715,155,144,116,746,1911,8,1922,1919,-3,0,0,,,,,,	
Richmond International Airport,Richmond,VA,USA,37.50517,-77.31967,American Airlines Inc.,2015,1,24,6,1562,N425AA,DFW,0650,0642,-8,5,0647,220,202,189,1158,0856,8,0930,0904,-26,0,0,,,,,,	
Orlando International Airport,Orlando,FL,USA,28.42889,-81.31603,Southwest Airlines Co.,2015,4,8,3,776,N252WN,DEN,1900,1937,37,17,1954,245,239,214,1546,2128,8,2105,2136,31,0,0,,14,0,0,17,0	
Southwest Florida International Airport,Ft. Myers,FL,USA,26.53617,-81.75517,American Airlines Inc.,2015,12,5,6,1862,N521UW,CLT,0825,0813,-12,14,0827,117,112,84,600,0951,14,1022,1005,-17,0,0,,,,,,	
John Wayne Airport (Orange County Airport),Santa Ana,CA,USA,33.67566,-117.86822,Southwest Airlines Co.,2015,8,16,7,1226,N747SA,SEA,1940,1952,12,14,2006,165,159,137,978,2223,8,2225,2231,6,0,0,,,,,,	
NA,NA,NA,NA,NA,Alaska Airlines Inc.,Southwest Airlines Co.,2015,10,11,7,1840,N786SW,15304,1105,1058,-7,13,1111,80,77,60,406,1211,4,1225,1215,-10,0,0,,,,,,	
Pittsburgh International Airport,Pittsburgh,PA,USA,40.49147,-80.23287,Southwest Airlines Co.,2015,5,15,5,847,N8656B,MCO,0535,0527,-8,9,0536,145,127,113,834,0729,5,0800,0734,-26,0,0,,,,,,	
Detroit Metropolitan Airport,Detroit,MI,USA,42.21206,-83.34884,Atlantic Southeast Airlines,2015,5,19,2,5044,N873AS,GSO,1005,1011,6,16,1027,100,88,69,460,1136,3,1145,1139,-6,0,0,,,,,,	
Ralph Wien Memorial Airport,Kotzebue,AK,USA,66.88468,-162.59855,Alaska Airlines Inc.,2015,8,4,2,154,N763AS,ANC,1237,1247,10,17,1304,87,97,77,548,1421,3,1404,1424,20,0,0,,10,0,0,10,0	
Kalamazoo/Battle Creek International Airport,Kalamazoo,MI,USA,42.23488,-85.55206,American Eagle Airlines Inc.,2015,2,22,7,3036,N627MQ,ORD,1635,1642,7,29,1711,63,69,30,122,1641,10,1638,1651,13,0,0,,,,,,	
Hartsfield-Jackson Atlanta International Airport,Atlanta,GA,USA,33.64044,-84.42694,Atlantic Southeast Airlines,2015,2,21,6,5282,N136EV,LNK,2035,2057,22,15,2112,151,147,128,841,2220,4,2206,2224,18,0,0,,0,0,0,18,0	
Seattle-Tacoma International Airport,Seattle,WA,USA,47.44898,-122.30931,Southwest Airlines Co.,2015,8,17,1,1976,N403WN,LAS,0530,0537,7,12,0549,145,130,115,867,0744,3,0755,0747,-8,0,0,,,,,,	
Manchester-Boston Regional Airport,Manchester,NH,USA,42.93452,-71.43706,Southwest Airlines Co.,2015,9,3,4,196,N965WN,TPA,0530,0528,-2,9,0537,200,172,158,1204,0815,5,0850,0820,-30,0,0,,,,,,	
NA,NA,NA,NA,NA,Alaska Airlines Inc.,Alaska Airlines Inc.,2015,10,23,5,538,N472AS,13891,1455,1448,-7,13,1501,148,138,121,956,1702,4,1723,1706,-17,0,0,,,,,,	
NA,NA,NA,NA,NA,American Eagle Airlines Inc.,Delta Air Lines Inc.,2015,10,25,7,1502,N342NW,15304,0930,0927,-3,12,0939,122,120,105,773,1124,3,1132,1127,-5,0,0,,,,,,	
Baltimore-Washington International Airport,Baltimore,MD,USA,39.17540,-76.66820,Southwest Airlines Co.,2015,7,17,5,477,N8307K,HOU,1055,1056,1,17,1113,190,183,159,1246,1252,7,1305,1259,-6,0,0,,,,,,	
NA,NA,NA,NA,NA,Alaska Airlines Inc.,Southwest Airlines Co.,2015,10,26,1,3146,N616SW,14771,0825,0825,0,16,0841,160,165,142,967,1003,7,1005,1010,5,0,0,,,,,,	
Atlantic City International Airport,Atlantic City,NJ,USA,39.45758,-74.57717,Spirit Air Lines,2015,2,26,4,259,N527NK,FLL,0700,0654,-6,27,0721,156,186,152,977,0953,7,0936,1000,24,0,0,,24,0,0,0,0	
McCarran International Airport,Las Vegas,NV,USA,36.08036,-115.15233,Alaska Airlines Inc.,2015,7,27,1,629,N607AS,PDX,0650,0655,5,13,0708,125,136,118,763,0906,5,0855,0911,16,0,0,,16,0,0,0,0	
Dallas Love Field,Dallas,TX,USA,32.84711,-96.85177,Virgin America,2015,7,7,2,874,N527VA,LGA,1630,1749,79,12,1801,200,225,204,1381,2225,9,2050,2234,104,0,0,,79,0,0,0,25	
NA,NA,NA,NA,NA,Atlantic Southeast Airlines,Southwest Airlines Co.,2015,10,28,3,288,N8644C,14679,1510,1512,2,10,1522,260,260,247,1728,1729,3,1730,1732,2,0,0,,,,,,	
Dallas/Fort Worth International Airport,Dallas-Fort Worth,TX,USA,32.89595,-97.03720,American Airlines Inc.,2015,9,15,2,1316,N3CJAA,SLC,1100,1053,-7,25,1118,168,172,133,989,1231,14,1248,1245,-3,0,0,,,,,,	
Denver International Airport,Denver,CO,USA,39.85841,-104.66700,United Air Lines Inc.,2015,11,20,5,737,N61887,SFO,1740,1739,-1,42,1821,170,180,134,967,1935,4,1930,1939,9,0,0,,,,,,	
Palm Beach International Airport,West Palm Beach,FL,USA,26.68316,-80.09559,American Airlines Inc.,2015,4,24,5,1011,N3JEAA,DFW,1205,1253,48,17,1310,195,190,163,1102,1453,10,1420,1503,43,0,0,,34,0,0,9,0	
Los Angeles International Airport,Los Angeles,CA,USA,33.94254,-118.40807,Skywest Airlines Inc.,2015,2,22,7,5371,N291SW,SBP,1329,1321,-8,17,1338,60,58,38,156,1416,3,1429,1419,-10,0,0,,,,,,	
NA,NA,NA,NA,NA,American Airlines Inc.,United Air Lines Inc.,2015,10,18,7,939,N812UA,11618,1100,1059,-1,15,1114,95,89,68,404,1222,6,1235,1228,-7,0,0,,,,,,	
Dallas/Fort Worth International Airport,Dallas-Fort Worth,TX,USA,32.89595,-97.03720,American Airlines Inc.,2015,12,31,4,452,N179UW,PHX,0605,0712,67,30,0742,155,179,140,868,0902,9,0740,0911,91,0,0,,24,0,67,0,0	
Buffalo Niagara International Airport,Buffalo,NY,USA,42.94052,-78.73217,US Airways Inc.,2015,6,19,5,1873,N751UW,CLT,1849,1924,35,24,1948,110,114,87,546,2115,3,2039,2118,39,0,0,,4,0,6,29,0	
Salt Lake City International Airport,Salt Lake City,UT,USA,40.78839,-111.97777,Skywest Airlines Inc.,2015,6,13,6,4761,N633SK,PHX,1655,1655,0,22,1717,105,103,76,507,1733,5,1740,1738,-2,0,0,,,,,,	
NA,NA,NA,NA,NA,Alaska Airlines Inc.,Southwest Airlines Co.,2015,10,19,1,963,N431WN,14893,1710,1705,-5,10,1715,85,77,63,479,1818,4,1835,1822,-13,0,0,,,,,,	
Jacksonville International Airport,Jacksonville,FL,USA,30.49406,-81.68786,American Airlines Inc.,2015,12,28,1,1934,N703UW,CLT,1205,1157,-8,11,1208,81,74,56,328,1304,7,1326,1311,-15,0,0,,,,,,	
NA,NA,NA,NA,NA,Alaska Airlines Inc.,Southwest Airlines Co.,2015,10,15,4,1184,N8315C,14057,1215,1214,-1,9,1223,165,151,137,991,1340,5,1400,1345,-15,0,0,,,,,,	
McCarran International Airport,Las Vegas,NV,USA,36.08036,-115.15233,Southwest Airlines Co.,2015,7,23,4,494,N8307K,MDW,1820,1819,-1,8,1827,205,188,175,1521,2322,5,2345,2327,-18,0,0,,,,,,	
Los Angeles International Airport,Los Angeles,CA,USA,33.94254,-118.40807,American Airlines Inc.,2015,6,12,5,2403,N4WNAA,STL,1520,1516,-4,24,1540,217,228,201,1592,2101,3,2057,2104,7,0,0,,,,,,	
Austin-Bergstrom International Airport,Austin,TX,USA,30.19453,-97.66987,American Airlines Inc.,2015,6,6,6,1233,N3KXAA,MIA,0605,0607,2,10,0617,169,157,135,1103,0932,12,0954,0944,-10,0,0,,,,,,	
Detroit Metropolitan Airport,Detroit,MI,USA,42.21206,-83.34884,Delta Air Lines Inc.,2015,12,16,3,870,N981AT,MSN,2205,2157,-8,11,2208,81,66,52,311,2200,3,2226,2203,-23,0,0,,,,,,	
Gen. Edward Lawrence Logan International Airport,Boston,MA,USA,42.36435,-71.00518,Delta Air Lines Inc.,2015,6,8,1,2514,N957DN,ATL,1600,1623,23,12,1635,174,174,137,946,1852,25,1854,1917,23,0,0,,0,0,12,11,0	
San Francisco International Airport,San Francisco,CA,USA,37.61900,-122.37484,United Air Lines Inc.,2015,8,11,2,1928,N68817,ORD,0030,0117,47,12,0129,256,228,205,1846,0654,11,0646,0705,19,0,0,,0,0,8,11,0	
Raleigh-Durham International Airport,Raleigh,NC,USA,35.87764,-78.78747,Atlantic Southeast Airlines,2015,11,6,5,4373,N15983,EWR,0815,,,,,98,,,416,,,0953,,,0,1,C,,,,,	
Hartsfield-Jackson Atlanta International Airport,Atlanta,GA,USA,33.64044,-84.42694,Southwest Airlines Co.,2015,12,29,2,3193,N291WN,RIC,0855,0912,17,14,0926,90,81,63,481,1029,4,1025,1033,8,0,0,,,,,,	
Detroit Metropolitan Airport,Detroit,MI,USA,42.21206,-83.34884,Skywest Airlines Inc.,2015,12,3,4,4739,N910EV,IAD,0740,0736,-4,19,0755,89,91,65,383,0900,7,0909,0907,-2,0,0,,,,,,	
NA,NA,NA,NA,NA,Alaska Airlines Inc.,Skywest Airlines Inc.,2015,10,30,5,4521,N447SW,15919,1515,1513,-2,21,1534,123,120,95,589,1609,4,1618,1613,-5,0,0,,,,,,	
NA,NA,NA,NA,NA,Alaska Airlines Inc.,JetBlue Airways,2015,10,23,5,2702,N187JB,10792,0750,0745,-5,28,0813,76,87,56,301,0909,3,0906,0912,6,0,0,,,,,,	
Salt Lake City International Airport,Salt Lake City,UT,USA,40.78839,-111.97777,Skywest Airlines Inc.,2015,2,26,4,4791,N445SW,PSP,1515,1511,-4,20,1531,105,105,79,541,1550,6,1600,1556,-4,0,0,,,,,,	
Washington Dulles International Airport,Chantilly,VA,USA,38.94453,-77.45581,United Air Lines Inc.,2015,12,21,1,2002,N63890,TPA,0823,0823,0,19,0842,150,141,117,811,1039,5,1053,1044,-9,0,0,,,,,,	
Seattle-Tacoma International Airport,Seattle,WA,USA,47.44898,-122.30931,Virgin America,2015,7,20,1,1780,N839VA,LAX,0705,0713,8,16,0729,160,151,129,954,0938,6,0945,0944,-1,0,0,,,,,,	
Hartsfield-Jackson Atlanta International Airport,Atlanta,GA,USA,33.64044,-84.42694,Southwest Airlines Co.,2015,3,25,3,355,N412WN,DCA,0940,0939,-1,9,0948,105,91,77,547,1105,5,1125,1110,-15,0,0,,,,,,	
NA,NA,NA,NA,NA,Alaska Airlines Inc.,United Air Lines Inc.,2015,10,27,2,1497,N820UA,10397,1537,1759,142,21,1820,126,119,83,689,2043,15,1843,2058,135,0,0,,0,0,49,86,0	
McCarran International Airport,Las Vegas,NV,USA,36.08036,-115.15233,Southwest Airlines Co.,2015,8,5,3,466,N8644C,MCO,1300,1323,23,14,1337,280,263,240,2039,2037,9,2040,2046,6,0,0,,,,,,	
Chicago O'Hare International Airport,Chicago,IL,USA,41.97960,-87.90446,United Air Lines Inc.,2015,6,4,4,581,N820UA,PHL,1142,1133,-9,13,1146,120,113,92,678,1418,8,1442,1426,-16,0,0,,,,,,	
San Diego International Airport (Lindbergh Field),San Diego,CA,USA,32.73356,-117.18966,Southwest Airlines Co.,2015,5,30,6,2530,N470WN,DEN,1000,0959,-1,11,1010,145,132,115,853,1305,6,1325,1311,-14,0,0,,,,,,	
Chicago Midway International Airport,Chicago,IL,USA,41.78598,-87.75242,Southwest Airlines Co.,2015,6,16,2,4276,N551WN,ATL,2200,2204,4,10,2214,105,94,79,591,0033,5,0045,0038,-7,0,0,,,,,,	
Tampa International Airport,Tampa,FL,USA,27.97547,-82.53325,Southwest Airlines Co.,2015,9,17,4,157,N728SW,STL,1815,1832,17,9,1841,140,134,121,869,1942,4,1935,1946,11,0,0,,,,,,	
NA,NA,NA,NA,NA,Alaska Airlines Inc.,Skywest Airlines Inc.,2015,10,24,6,6450,N980SW,14570,0823,0815,-8,27,0842,91,99,66,391,0948,6,0954,0954,0,0,0,,,,,,	
Miami International Airport,Miami,FL,USA,25.79325,-80.29056,US Airways Inc.,2015,1,9,5,1828,N770UW,CLT,2105,2109,4,24,2133,129,116,86,650,2259,6,2314,2305,-9,0,0,,,,,,	
Minneapolis-Saint Paul International Airport,Minneapolis,MN,USA,44.88055,-93.21692,Skywest Airlines Inc.,2015,7,8,3,6307,N121SY,SFO,0715,0850,95,12,0902,264,241,214,1589,1036,15,0939,1051,72,0,0,,0,0,72,0,0	
Orlando International Airport,Orlando,FL,USA,28.42889,-81.31603,Delta Air Lines Inc.,2015,11,17,2,942,N816DN,LGA,1825,1832,7,11,1843,158,145,128,950,2051,6,2103,2057,-6,0,0,,,,,,	
San Francisco International Airport,San Francisco,CA,USA,37.61900,-122.37484,Virgin America,2015,3,31,2,922,N621VA,LAX,0645,0641,-4,8,0649,75,72,55,337,0744,9,0800,0753,-7,0,0,,,,,,	
Los Angeles International Airport,Los Angeles,CA,USA,33.94254,-118.40807,United Air Lines Inc.,2015,12,27,7,1807,N589UA,EWR,1400,1357,-3,12,1409,316,300,277,2454,2146,11,2216,2157,-19,0,0,,,,,,	
Hartsfield-Jackson Atlanta International Airport,Atlanta,GA,USA,33.64044,-84.42694,Delta Air Lines Inc.,2015,7,27,1,2156,N902DA,SYR,0905,0902,-3,14,0916,129,129,111,794,1107,4,1114,1111,-3,0,0,,,,,,	
NA,NA,NA,NA,NA,Alaska Airlines Inc.,American Eagle Airlines Inc.,2015,10,23,5,3598,N647MQ,11612,1211,1230,19,14,1244,88,65,49,272,1333,2,1339,1335,-4,0,0,,,,,,	
Ronald Reagan Washington National Airport,Arlington,VA,USA,38.85208,-77.03772,American Airlines Inc.,2015,8,11,2,1959,N747UW,TPA,1925,1927,2,12,1939,141,130,114,814,2133,4,2146,2137,-9,0,0,,,,,,	
Orlando International Airport,Orlando,FL,USA,28.42889,-81.31603,Southwest Airlines Co.,2015,2,12,4,4655,N463WN,RDU,0705,0659,-6,9,0708,95,89,76,534,0824,4,0840,0828,-12,0,0,,,,,,	
El Paso International Airport,El Paso,TX,USA,31.80667,-106.37781,Southwest Airlines Co.,2015,5,22,5,892,N7707C,PHX,1910,1907,-3,10,1917,75,73,55,347,1912,8,1925,1920,-5,0,0,,,,,,	
Richmond International Airport,Richmond,VA,USA,37.50517,-77.31967,American Eagle Airlines Inc.,2015,12,4,5,3041,N818MQ,ORD,0730,0724,-6,10,0734,161,136,96,642,0810,30,0911,0840,-31,0,0,,,,,,	
NA,NA,NA,NA,NA,Alaska Airlines Inc.,American Eagle Airlines Inc.,2015,10,20,2,3063,N507MQ,13871,0705,0703,-2,10,0713,97,72,59,416,0812,3,0842,0815,-27,0,0,,,,,,	
Los Angeles International Airport,Los Angeles,CA,USA,33.94254,-118.40807,Southwest Airlines Co.,2015,4,20,1,891,N641SW,LAS,1650,1653,3,8,1701,60,56,43,236,1744,5,1750,1749,-1,0,0,,,,,,	
John F. Kennedy International Airport (New York International Airport),New York,NY,USA,40.63975,-73.77893,JetBlue Airways,2015,3,1,7,97,N625JB,DEN,2024,2059,35,62,2201,283,351,281,1626,0042,8,2307,0050,103,0,0,,68,0,0,21,14	
St. Louis International Airport at Lambert Field,St Louis,MO,USA,38.74769,-90.35999,Southwest Airlines Co.,2015,4,30,4,857,N770SA,CMH,1945,1959,14,8,2007,75,77,63,409,2210,6,2200,2216,16,0,0,,2,0,3,11,0	
Gen. Edward Lawrence Logan International Airport,Boston,MA,USA,42.36435,-71.00518,United Air Lines Inc.,2015,3,18,3,1509,N27733,IAH,0600,0604,4,21,0625,269,276,235,1597,0920,20,0929,0940,11,0,0,,,,,,	
Los Angeles International Airport,Los Angeles,CA,USA,33.94254,-118.40807,Southwest Airlines Co.,2015,12,12,6,18,N401WN,BNA,0545,0546,1,17,0603,240,224,202,1797,1125,5,1145,1130,-15,0,0,,,,,,	
Chicago O'Hare International Airport,Chicago,IL,USA,41.97960,-87.90446,Skywest Airlines Inc.,2015,7,10,5,5378,N938SW,PAH,2105,2103,-2,19,2122,77,74,50,342,2212,5,2222,2217,-5,0,0,,,,,,	
NA,NA,NA,NA,NA,Alaska Airlines Inc.,American Eagle Airlines Inc.,2015,10,1,4,3096,N664MQ,11067,1320,1321,1,16,1337,65,44,25,135,1402,3,1425,1405,-20,0,0,,,,,,	
Dallas/Fort Worth International Airport,Dallas-Fort Worth,TX,USA,32.89595,-97.03720,American Airlines Inc.,2015,4,12,7,2336,N4XLAA,JAX,2020,2019,-1,19,2038,149,145,120,918,2338,6,2349,2344,-5,0,0,,,,,,	
William P. Hobby Airport,Houston,TX,USA,29.64542,-95.27889,Delta Air Lines Inc.,2015,1,30,5,2460,N905DL,ATL,0810,0803,-7,17,0820,119,114,90,696,1050,7,1109,1057,-12,0,0,,,,,,	
Dallas/Fort Worth International Airport,Dallas-Fort Worth,TX,USA,32.89595,-97.03720,American Airlines Inc.,2015,12,21,1,132,N3AVAA,PDX,2215,2217,2,18,2235,252,257,234,1616,0029,5,0027,0034,7,0,0,,,,,,	
Theodore Francis Green State Airport,Providence,RI,USA,41.72400,-71.42822,Delta Air Lines Inc.,2015,2,22,7,1263,N993DL,ATL,1100,1055,-5,46,1141,180,209,156,903,1417,7,1400,1424,24,0,0,,24,0,0,0,0	
Birmingham-Shuttlesworth International Airport,Birmingham,AL,USA,33.56294,-86.75355,Delta Air Lines Inc.,2015,1,23,5,2474,N305DQ,ATL,1830,1843,13,44,1927,69,90,30,134,2057,16,2039,2113,34,0,0,,21,0,0,13,0	
Hartsfield-Jackson Atlanta International Airport,Atlanta,GA,USA,33.64044,-84.42694,Delta Air Lines Inc.,2015,7,29,3,1863,N895AT,LIT,1050,1050,0,10,1100,95,77,63,453,1103,4,1125,1107,-18,0,0,,,,,,	
NA,NA,NA,NA,NA,Alaska Airlines Inc.,Delta Air Lines Inc.,2015,10,20,2,1088,N618DL,10299,1740,1739,-1,11,1750,360,355,340,2519,2030,4,2040,2034,-6,0,0,,,,,,	
William P. Hobby Airport,Houston,TX,USA,29.64542,-95.27889,Southwest Airlines Co.,2015,11,13,5,1850,N525SW,ELP,2200,2236,36,8,2244,120,107,95,677,2319,4,2300,2323,23,0,0,,0,0,23,0,0	
Charleston International Airport/Charleston AFB,Charleston,SC,USA,32.89865,-80.04051,Atlantic Southeast Airlines,2015,12,27,7,3265,N31131,ORD,1655,2058,243,13,2111,145,144,116,760,2207,15,1820,2222,242,0,0,,0,0,0,242,0	
San Francisco International Airport,San Francisco,CA,USA,37.61900,-122.37484,JetBlue Airways,2015,8,10,1,188,N708JB,LAS,1840,1853,13,16,1909,96,85,65,414,2014,4,2016,2018,2,0,0,,,,,,	
General Mitchell International Airport,Milwaukee,WI,USA,42.94722,-87.89658,Southwest Airlines Co.,2015,11,11,3,2647,N205WN,LGA,1120,1128,8,16,1144,130,118,97,738,1421,5,1430,1426,-4,0,0,,,,,,	
Hartsfield-Jackson Atlanta International Airport,Atlanta,GA,USA,33.64044,-84.42694,Delta Air Lines Inc.,2015,6,17,3,2041,N339NB,JAN,1943,2029,46,12,2041,86,63,48,341,2029,3,2009,2032,23,0,0,,0,0,0,23,0	
LaGuardia Airport (Marine Air Terminal),New York,NY,USA,40.77724,-73.87261,Southwest Airlines Co.,2015,7,14,2,433,N459WN,DAL,1655,1725,30,24,1749,235,220,188,1381,1957,8,1950,2005,15,0,0,,0,0,1,14,0	
Los Angeles International Airport,Los Angeles,CA,USA,33.94254,-118.40807,American Airlines Inc.,2015,12,12,6,1203,N3MWAA,SFO,1215,1213,-2,11,1224,82,74,61,337,1325,2,1337,1327,-10,0,0,,,,,,	
Rochester International Airport,Rochester,MN,USA,43.90883,-92.49799,American Eagle Airlines Inc.,2015,12,21,1,3438,N660MQ,ORD,1424,1420,-4,14,1434,85,77,53,268,1527,10,1549,1537,-12,0,0,,,,,,	
Hartsfield-Jackson Atlanta International Airport,Atlanta,GA,USA,33.64044,-84.42694,Delta Air Lines Inc.,2015,8,10,1,1983,N997AT,SAV,1509,1507,-2,13,1520,70,57,38,214,1558,6,1619,1604,-15,0,0,,,,,,	
Louisville International Airport (Standiford Field),Louisville,KY,USA,38.17439,-85.73600,Skywest Airlines Inc.,2015,11,30,1,5551,N788SK,DEN,1659,1820,81,13,1833,178,176,155,1024,1908,8,1757,1916,79,0,0,,15,0,0,64,0	
Chicago O'Hare International Airport,Chicago,IL,USA,41.97960,-87.90446,Atlantic Southeast Airlines,2015,12,22,2,6089,N11539,BTV,0915,0914,-1,16,0930,125,110,90,763,1200,4,1220,1204,-16,0,0,,,,,,	
Pittsburgh International Airport,Pittsburgh,PA,USA,40.49147,-80.23287,Atlantic Southeast Airlines,2015,7,15,3,4967,N611QX,MSP,0710,0711,1,14,0725,130,127,111,726,0816,2,0820,0818,-2,0,0,,,,,,	
LaGuardia Airport (Marine Air Terminal),New York,NY,USA,40.77724,-73.87261,JetBlue Airways,2015,11,18,3,971,N608JB,FLL,0930,0925,-5,27,0952,188,174,139,1076,1211,8,1238,1219,-19,0,0,,,,,,	
San Francisco International Airport,San Francisco,CA,USA,37.61900,-122.37484,United Air Lines Inc.,2015,6,1,1,740,N498UA,LAS,1350,1346,-4,15,1401,102,88,62,414,1503,11,1532,1514,-18,0,0,,,,,,	
NA,NA,NA,NA,NA,Atlantic Southeast Airlines,Atlantic Southeast Airlines,2015,10,29,4,5406,N712EV,11433,0620,0617,-3,24,0641,85,99,68,332,0749,7,0745,0756,11,0,0,,,,,,	
Chicago Midway International Airport,Chicago,IL,USA,41.78598,-87.75242,Southwest Airlines Co.,2015,3,4,3,1983,N784SW,CMH,1705,1718,13,7,1725,70,64,48,283,1913,9,1915,1922,7,0,0,,,,,,	
Norman Y. Mineta San José International Airport,San Jose,CA,USA,37.36186,-121.92901,Southwest Airlines Co.,2015,8,15,6,507,N933WN,DEN,0725,0724,-1,9,0733,150,140,123,948,1036,8,1055,1044,-11,0,0,,,,,,	
Jacksonville International Airport,Jacksonville,FL,USA,30.49406,-81.68786,Delta Air Lines Inc.,2015,4,28,2,1993,N809DN,ATL,0620,0619,-1,15,0634,69,77,53,270,0727,9,0729,0736,7,0,0,,,,,,	
NA,NA,NA,NA,NA,Alaska Airlines Inc.,Skywest Airlines Inc.,2015,10,26,1,6408,N795SK,14771,0645,0640,-5,28,0708,104,101,70,372,0818,3,0829,0821,-8,0,0,,,,,,	
Meadows Field,Bakersfield,CA,USA,35.43360,-119.05677,Skywest Airlines Inc.,2015,5,30,6,2752,N875AS,PHX,1218,1212,-6,11,1223,96,103,82,425,1345,10,1354,1355,1,0,0,,,,,,	
Portland International Airport,Portland,OR,USA,45.58872,-122.59750,Alaska Airlines Inc.,2015,6,16,2,406,N457AS,SJC,0605,0601,-4,9,0610,105,99,86,569,0736,4,0750,0740,-10,0,0,,,,,,	
City of Colorado Springs Municipal Airport,Colorado Springs,CO,USA,38.80581,-104.70025,Skywest Airlines Inc.,2015,8,8,6,6495,N787SK,LAX,0634,0631,-3,24,0655,156,175,124,833,0759,27,0810,0826,16,0,0,,16,0,0,0,0	
Norman Y. Mineta San José International Airport,San Jose,CA,USA,37.36186,-121.92901,Skywest Airlines Inc.,2015,11,28,6,6533,N960SW,DEN,1022,1035,13,12,1047,151,146,129,948,1356,5,1353,1401,8,0,0,,,,,,	
Denver International Airport,Denver,CO,USA,39.85841,-104.66700,Skywest Airlines Inc.,2015,6,18,4,6451,N724SK,PHX,1456,1446,-10,20,1506,114,114,87,602,1533,7,1550,1540,-10,0,0,,,,,,	
Palm Beach International Airport,West Palm Beach,FL,USA,26.68316,-80.09559,JetBlue Airways,2015,12,1,2,544,N534JB,EWR,1103,1200,57,28,1228,171,174,139,1023,1447,7,1354,1454,60,0,0,,56,0,0,4,0	
Louis Armstrong New Orleans International Airport,New Orleans,LA,USA,29.99339,-90.25803,Southwest Airlines Co.,2015,11,3,2,269,N259WN,PHX,1600,1616,16,5,1621,215,214,175,1300,1816,34,1835,1850,15,0,0,,0,0,15,0,0	
Fort Lauderdale-Hollywood International Airport,Ft. Lauderdale,FL,USA,26.07258,-80.15275,United Air Lines Inc.,2015,7,3,5,1030,N16234,DEN,1300,1255,-5,17,1312,257,245,220,1703,1452,8,1517,1500,-17,0,0,,,,,,	
Denver International Airport,Denver,CO,USA,39.85841,-104.66700,Skywest Airlines Inc.,2015,6,24,3,4974,N713SK,DFW,0831,0829,-2,11,0840,120,105,88,641,1108,6,1131,1114,-17,0,0,,,,,,	
Cincinnati/Northern Kentucky International Airport,Covington,KY,USA,39.04614,-84.66217,Skywest Airlines Inc.,2015,9,26,6,4967,N709SK,IAH,1324,1324,0,15,1339,150,144,122,871,1441,7,1454,1448,-6,0,0,,,,,,	
San Diego International Airport (Lindbergh Field),San Diego,CA,USA,32.73356,-117.18966,Southwest Airlines Co.,2015,12,2,3,419,N370SW,LAS,1125,1122,-3,17,1139,70,77,45,258,1224,15,1235,1239,4,0,0,,,,,,	
Gerald R. Ford International Airport,Grand Rapids,MI,USA,42.88082,-85.52277,Delta Air Lines Inc.,2015,9,13,7,1620,N930AT,DTW,1540,1534,-6,10,1544,54,52,33,120,1617,9,1634,1626,-8,0,0,,,,,,	
NA,NA,NA,NA,NA,Alaska Airlines Inc.,Virgin America,2015,10,6,2,797,N847VA,14747,1845,1836,-9,7,1843,160,161,147,954,2110,7,2125,2117,-8,0,0,,,,,,	
Blue Grass Airport,Lexington,KY,USA,38.03697,-84.60539,American Eagle Airlines Inc.,2015,5,14,4,3399,N843MQ,DFW,1605,1559,-6,8,1607,149,144,123,785,1710,13,1734,1723,-11,0,0,,,,,,	
Austin-Bergstrom International Airport,Austin,TX,USA,30.19453,-97.66987,Skywest Airlines Inc.,2015,2,26,4,5501,N130SY,ORD,0652,0649,-3,10,0659,163,183,129,978,0908,44,0935,0952,17,0,0,,17,0,0,0,0	
Newark Liberty International Airport,Newark,NJ,USA,40.69250,-74.16866,United Air Lines Inc.,2015,2,17,2,1077,N38443,RSW,1129,1132,3,20,1152,197,209,185,1068,1457,4,1446,1501,15,0,0,,15,0,0,0,0	
Tampa International Airport,Tampa,FL,USA,27.97547,-82.53325,US Airways Inc.,2015,6,6,6,1762,N831AW,DCA,0710,0706,-4,14,0720,136,135,118,814,0918,3,0926,0921,-5,0,0,,,,,,	
Indianapolis International Airport,Indianapolis,IN,USA,39.71733,-86.29438,Southwest Airlines Co.,2015,11,15,7,4011,N916WN,DEN,1625,1626,1,9,1635,180,153,136,977,1651,8,1725,1659,-26,0,0,,,,,,	
Kahului Airport,Kahului,HI,USA,20.89865,-156.43046,United Air Lines Inc.,2015,3,2,1,433,N544UA,SFO,2207,2312,65,11,2323,294,293,277,2338,0600,5,0501,0605,64,0,0,,0,0,17,47,0	
Orlando International Airport,Orlando,FL,USA,28.42889,-81.31603,Southwest Airlines Co.,2015,3,12,4,199,N652SW,BUF,0700,0654,-6,19,0713,160,158,136,1011,0929,3,0940,0932,-8,0,0,,,,,,	
Raleigh-Durham International Airport,Raleigh,NC,USA,35.87764,-78.78747,Southwest Airlines Co.,2015,3,12,4,153,N600WN,BWI,1945,1940,-5,6,1946,70,70,47,255,2033,17,2055,2050,-5,0,0,,,,,,	
Barkley Regional Airport,Paducah,KY,USA,37.06083,-88.77375,Skywest Airlines Inc.,2015,9,22,2,5388,N986SW,ORD,1542,1531,-11,10,1541,94,92,65,342,1646,17,1716,1703,-13,0,0,,,,,,	
Denver International Airport,Denver,CO,USA,39.85841,-104.66700,Southwest Airlines Co.,2015,11,12,4,2572,N8301J,PDX,2210,2214,4,14,2228,175,171,151,991,2359,6,0005,0005,0,0,0,,,,,,	
Seattle-Tacoma International Airport,Seattle,WA,USA,47.44898,-122.30931,Alaska Airlines Inc.,2015,12,3,4,14,N468AS,EWR,1600,1600,0,14,1614,297,303,284,2402,2358,5,2357,0003,6,0,0,,,,,,	
NA,NA,NA,NA,NA,American Airlines Inc.,American Airlines Inc.,2015,10,4,7,359,N3GFAA,13930,1925,1920,-5,25,1945,158,147,109,733,2034,13,2103,2047,-16,0,0,,,,,,	
Chicago Midway International Airport,Chicago,IL,USA,41.78598,-87.75242,Southwest Airlines Co.,2015,1,1,4,3483,N7706A,LAS,1330,1329,-1,15,1344,240,230,211,1521,1515,4,1530,1519,-11,0,0,,,,,,	
Eppley Airfield,Omaha,NE,USA,41.30252,-95.89417,American Airlines Inc.,2015,9,13,7,552,N669AW,PHX,1445,1510,25,23,1533,167,183,148,1037,1601,12,1532,1613,41,0,0,,16,0,0,25,0	
Phoenix Sky Harbor International Airport,Phoenix,AZ,USA,33.43417,-112.00806,Southwest Airlines Co.,2015,4,8,3,3678,N368SW,DEN,1925,1937,12,7,1944,100,96,84,602,2208,5,2205,2213,8,0,0,,,,,,	
NA,NA,NA,NA,NA,Alaska Airlines Inc.,American Airlines Inc.,2015,10,31,6,2513,N017AA,10397,1600,1600,0,10,1610,259,251,230,1947,2300,11,2319,2311,-8,0,0,,,,,,	
Reno/Tahoe International Airport,Reno,NV,USA,39.49858,-119.76806,Southwest Airlines Co.,2015,6,21,7,1264,N566WN,LAX,0730,0729,-1,8,0737,80,79,63,391,0840,8,0850,0848,-2,0,0,,,,,,	
McAllen-Miller International Airport (McAllen Miller International),McAllen,TX,USA,26.17583,-98.23861,Atlantic Southeast Airlines,2015,1,5,1,5805,N16951,IAH,1912,1914,2,9,1923,73,71,55,316,2018,7,2025,2025,0,0,0,,,,,,	
Gen. Edward Lawrence Logan International Airport,Boston,MA,USA,42.36435,-71.00518,Southwest Airlines Co.,2015,11,3,2,292,N397SW,IND,0640,0632,-8,21,0653,175,152,124,818,0857,7,0935,0904,-31,0,0,,,,,,	
Boise Airport (Boise Air Terminal),Boise,ID,USA,43.56444,-116.22278,Southwest Airlines Co.,2015,12,19,6,2163,N481WN,LAS,1215,1407,112,9,1416,105,103,87,519,1443,7,1300,1450,110,0,0,,0,0,0,110,0	
Chicago O'Hare International Airport,Chicago,IL,USA,41.97960,-87.90446,Spirit Air Lines,2015,7,4,6,763,N621NK,MSP,1940,1933,-7,10,1943,85,71,55,334,2038,6,2105,2044,-21,0,0,,,,,,	
Washington Dulles International Airport,Chantilly,VA,USA,38.94453,-77.45581,United Air Lines Inc.,2015,12,21,1,554,N419UA,DEN,2237,2237,0,9,2246,242,219,204,1452,0010,6,0039,0016,-23,0,0,,,,,,	
John Wayne Airport (Orange County Airport),Santa Ana,CA,USA,33.67566,-117.86822,United Air Lines Inc.,2015,8,20,4,1923,N16703,EWR,0659,0717,18,15,0732,330,312,288,2434,1520,9,1529,1529,0,0,0,,,,,,	
St. Louis International Airport at Lambert Field,St Louis,MO,USA,38.74769,-90.35999,Southwest Airlines Co.,2015,4,9,4,3049,N8319F,LAS,0755,1021,146,9,1030,210,212,195,1371,1145,8,0925,1153,148,0,0,,2,0,0,146,0	
Seattle-Tacoma International Airport,Seattle,WA,USA,47.44898,-122.30931,American Airlines Inc.,2015,12,24,4,1982,N183UW,CLT,0035,0035,0,17,0052,291,287,261,2279,0813,9,0826,0822,-4,0,0,,,,,,	
Orlando International Airport,Orlando,FL,USA,28.42889,-81.31603,Southwest Airlines Co.,2015,7,21,2,1901,N687SW,RDU,1440,1441,1,13,1454,100,97,82,534,1616,2,1620,1618,-2,0,0,,,,,,	
Chicago O'Hare International Airport,Chicago,IL,USA,41.97960,-87.90446,Skywest Airlines Inc.,2015,2,22,7,6395,N105SY,COS,1825,1859,34,17,1916,166,178,152,911,2048,9,2011,2057,46,0,0,,12,0,34,0,0	
Greater Rochester International Airport,Rochester,NY,USA,43.11887,-77.67238,Atlantic Southeast Airlines,2015,5,8,5,4400,N29906,EWR,1036,1045,9,13,1058,81,64,45,246,1143,6,1157,1149,-8,0,0,,,,,,	
Austin-Bergstrom International Airport,Austin,TX,USA,30.19453,-97.66987,United Air Lines Inc.,2015,9,4,5,253,N829UA,IAH,0605,0557,-8,15,0612,62,50,32,140,0644,3,0707,0647,-20,0,0,,,,,,	
Philadelphia International Airport,Philadelphia,PA,USA,39.87195,-75.24114,US Airways Inc.,2015,6,25,4,1955,N745VJ,TPA,1545,1547,2,16,1603,159,180,155,920,1838,9,1824,1847,23,0,0,,21,0,2,0,0	
Dallas/Fort Worth International Airport,Dallas-Fort Worth,TX,USA,32.89595,-97.03720,American Airlines Inc.,2015,3,12,4,1698,N4WKAA,PDX,1730,1741,11,17,1758,255,226,206,1616,1924,3,1945,1927,-18,0,0,,,,,,	
Dallas/Fort Worth International Airport,Dallas-Fort Worth,TX,USA,32.89595,-97.03720,American Airlines Inc.,2015,2,20,5,1198,N3ACAA,FLL,1425,1424,-1,12,1436,161,144,126,1119,1742,6,1806,1748,-18,0,0,,,,,,	
Albany International Airport,Albany,NY,USA,42.74812,-73.80298,United Air Lines Inc.,2015,5,29,5,1638,N38727,ORD,0649,0648,-1,18,0706,141,133,106,723,0752,9,0810,0801,-9,0,0,,,,,,	
Wichita Dwight D. Eisenhower National Airport (Wichita Mid-Continent Airport),Wichita,KS,USA,37.64996,-97.43305,Atlantic Southeast Airlines,2015,6,18,4,2660,N677AE,DFW,1246,1259,13,10,1309,79,72,54,328,1403,8,1405,1411,6,0,0,,,,,,	
Columbia Metropolitan Airport,Columbia,SC,USA,33.93884,-81.11954,Atlantic Southeast Airlines,2015,3,5,4,5732,N834AS,IAD,1435,,,,,86,,,401,,,1601,,,0,1,C,,,,,	
NA,NA,NA,NA,NA,Alaska Airlines Inc.,Delta Air Lines Inc.,2015,10,14,3,2063,N383DN,13487,0835,0829,-6,16,0845,167,153,133,931,0958,4,1022,1002,-20,0,0,,,,,,	
Miami International Airport,Miami,FL,USA,25.79325,-80.29056,Delta Air Lines Inc.,2015,11,8,7,2322,N377NW,MSP,1525,1518,-7,16,1534,239,212,193,1501,1747,3,1824,1750,-34,0,0,,,,,,	
Seattle-Tacoma International Airport,Seattle,WA,USA,47.44898,-122.30931,Alaska Airlines Inc.,2015,4,22,3,22,N319AS,ORD,1240,1237,-3,15,1252,240,227,198,1721,1810,14,1840,1824,-16,0,0,,,,,,	
Nashville International Airport,Nashville,TN,USA,36.12448,-86.67818,Southwest Airlines Co.,2015,4,19,7,673,N225WN,DCA,1305,1308,3,7,1315,100,85,70,562,1525,8,1545,1533,-12,0,0,,,,,,	
Honolulu International Airport,Honolulu,HI,USA,21.31869,-157.92241,American Airlines Inc.,2015,11,25,3,284,N863AA,LAX,1530,1523,-7,16,1539,324,294,274,2556,2213,4,2254,2217,-37,0,0,,,,,,	
Dallas/Fort Worth International Airport,Dallas-Fort Worth,TX,USA,32.89595,-97.03720,American Airlines Inc.,2015,1,22,4,1302,N434AA,RDU,1525,1521,-4,17,1538,148,147,126,1061,1844,4,1853,1848,-5,0,0,,,,,,	
McCarran International Airport,Las Vegas,NV,USA,36.08036,-115.15233,Hawaiian Airlines Inc.,2015,5,8,5,5,N374HA,HNL,1825,1824,-1,12,1836,370,373,354,2762,2130,7,2135,2137,2,0,0,,,,,,	
Miami International Airport,Miami,FL,USA,25.79325,-80.29056,American Airlines Inc.,2015,11,7,6,2435,N396AA,LAX,1555,1602,7,13,1615,352,320,300,2342,1815,7,1847,1822,-25,0,0,,,,,,	
NA,NA,NA,NA,NA,Alaska Airlines Inc.,Delta Air Lines Inc.,2015,10,20,2,1977,N963AT,10397,1800,1757,-3,24,1821,125,117,83,606,2044,10,2105,2054,-11,0,0,,,,,,	
Los Angeles International Airport,Los Angeles,CA,USA,33.94254,-118.40807,American Airlines Inc.,2015,7,12,7,1307,N3DFAA,ORD,1315,1319,4,23,1342,260,239,202,1744,1904,14,1935,1918,-17,0,0,,,,,,	
Hays Regional Airport,Hays,KS,USA,38.84494,-99.27403,Skywest Airlines Inc.,2015,6,27,6,5428,N932SW,DEN,1248,1244,-4,10,1254,74,64,50,298,1244,4,1302,1248,-14,0,0,,,,,,	
Honolulu International Airport,Honolulu,HI,USA,21.31869,-157.92241,Alaska Airlines Inc.,2015,3,12,4,898,N529AS,BLI,2315,0124,129,16,0140,347,285,265,2715,0905,4,0802,0909,67,0,0,,0,0,0,67,0	
Chicago O'Hare International Airport,Chicago,IL,USA,41.97960,-87.90446,American Airlines Inc.,2015,5,14,4,93,N3ANAA,LAS,1400,1503,63,11,1514,243,221,204,1514,1638,6,1603,1644,41,0,0,,0,0,41,0,0	
Raleigh-Durham International Airport,Raleigh,NC,USA,35.87764,-78.78747,US Airways Inc.,2015,6,19,5,840,N917UY,CLT,0700,0703,3,31,0734,63,74,30,130,0804,13,0803,0817,14,0,0,,,,,,	
Orlando International Airport,Orlando,FL,USA,28.42889,-81.31603,JetBlue Airways,2015,1,14,3,767,N318JB,PSE,2323,2320,-3,12,2332,171,154,138,1179,0250,4,0314,0254,-20,0,0,,,,,,	
Newark Liberty International Airport,Newark,NJ,USA,40.69250,-74.16866,American Airlines Inc.,2015,12,15,2,373,N3ECAA,MIA,0749,0743,-6,14,0757,195,173,153,1085,1030,6,1104,1036,-28,0,0,,,,,,	
Hartsfield-Jackson Atlanta International Airport,Atlanta,GA,USA,33.64044,-84.42694,Atlantic Southeast Airlines,2015,2,1,7,5183,N900EV,MGM,1050,1046,-4,12,1058,52,55,41,147,1039,2,1042,1041,-1,0,0,,,,,,	
Newark Liberty International Airport,Newark,NJ,USA,40.69250,-74.16866,United Air Lines Inc.,2015,5,6,3,112,N12225,MCO,0615,0612,-3,21,0633,173,164,138,937,0851,5,0908,0856,-12,0,0,,,,,,	
McCarran International Airport,Las Vegas,NV,USA,36.08036,-115.15233,US Airways Inc.,2015,5,19,2,2027,N534UW,PHX,1635,1633,-2,14,1647,69,65,46,255,1733,5,1744,1738,-6,0,0,,,,,,	
NA,NA,NA,NA,NA,Alaska Airlines Inc.,Delta Air Lines Inc.,2015,10,4,7,1053,N944DL,14027,1631,1628,-3,12,1640,112,97,79,545,1759,6,1823,1805,-18,0,0,,,,,,	
Chicago Midway International Airport,Chicago,IL,USA,41.78598,-87.75242,Southwest Airlines Co.,2015,1,6,2,3925,N465WN,PHX,1505,1600,55,8,1608,230,215,201,1444,1829,6,1755,1835,40,0,0,,0,0,23,17,0	
Salt Lake City International Airport,Salt Lake City,UT,USA,40.78839,-111.97777,Delta Air Lines Inc.,2015,5,21,4,1557,N3756,SEA,2205,2300,55,32,2332,123,129,90,689,0002,7,2308,0009,61,0,0,,6,0,55,0,0	
Albany International Airport,Albany,NY,USA,42.74812,-73.80298,American Airlines Inc.,2015,12,31,4,1707,N703UW,CLT,0800,0812,12,15,0827,150,145,122,646,1029,8,1030,1037,7,0,0,,,,,,	
General Mitchell International Airport,Milwaukee,WI,USA,42.94722,-87.89658,Skywest Airlines Inc.,2015,11,3,2,5447,N929EV,DEN,1654,1639,-15,12,1651,167,183,138,896,1809,33,1841,1842,1,0,0,,,,,,	
Denver International Airport,Denver,CO,USA,39.85841,-104.66700,Southwest Airlines Co.,2015,8,11,2,2736,N203WN,HOU,2015,2054,39,11,2105,140,129,113,883,2358,5,2335,0003,28,0,0,,0,0,9,19,0	
Dallas/Fort Worth International Airport,Dallas-Fort Worth,TX,USA,32.89595,-97.03720,American Airlines Inc.,2015,9,23,3,1638,N3HVAA,CLT,1546,1543,-3,10,1553,154,169,126,936,1859,33,1920,1932,12,0,0,,,,,,	
Miami International Airport,Miami,FL,USA,25.79325,-80.29056,United Air Lines Inc.,2015,6,18,4,866,N486UA,IAH,1843,1855,12,26,1921,165,160,128,964,2029,6,2028,2035,7,0,0,,,,,,	
Hartsfield-Jackson Atlanta International Airport,Atlanta,GA,USA,33.64044,-84.42694,Skywest Airlines Inc.,2015,12,4,5,4523,N988CA,CHO,1037,1032,-5,13,1045,94,85,69,457,1154,3,1211,1157,-14,0,0,,,,,,	
Huntsville International Airport,Huntsville,AL,USA,34.64045,-86.77311,American Eagle Airlines Inc.,2015,7,11,6,3153,N631MQ,ORD,0705,0702,-3,16,0718,122,118,92,510,0850,10,0907,0900,-7,0,0,,,,,,	
San Antonio International Airport,San Antonio,TX,USA,29.53369,-98.46978,Atlantic Southeast Airlines,2015,11,4,3,5285,N748EV,DTW,1252,1250,-2,17,1307,182,183,158,1214,1645,8,1654,1653,-1,0,0,,,,,,	
Fort Lauderdale-Hollywood International Airport,Ft. Lauderdale,FL,USA,26.07258,-80.15275,Southwest Airlines Co.,2015,4,5,7,4302,N206WN,BWI,1235,1227,-8,19,1246,170,154,131,925,1457,4,1525,1501,-24,0,0,,,,,,	
Tampa International Airport,Tampa,FL,USA,27.97547,-82.53325,Spirit Air Lines,2015,7,4,6,813,N642NK,DFW,1213,1211,-2,15,1226,152,155,128,929,1334,12,1345,1346,1,0,0,,,,,,	
Chicago Midway International Airport,Chicago,IL,USA,41.78598,-87.75242,Southwest Airlines Co.,2015,6,22,1,104,N751SW,MSP,2210,2203,-7,13,2216,80,80,60,349,2316,7,2330,2323,-7,0,0,,,,,,	
Hartsfield-Jackson Atlanta International Airport,Atlanta,GA,USA,33.64044,-84.42694,Atlantic Southeast Airlines,2015,9,8,2,4999,N871AS,MOB,1058,1055,-3,11,1106,76,66,51,302,1057,4,1114,1101,-13,0,0,,,,,,	
Los Angeles International Airport,Los Angeles,CA,USA,33.94254,-118.40807,Skywest Airlines Inc.,2015,11,22,7,4794,N805SK,PHX,1015,1008,-7,14,1022,87,78,55,370,1217,9,1242,1226,-16,0,0,,,,,,	
Kansas City International Airport,Kansas City,MO,USA,39.29761,-94.71391,Southwest Airlines Co.,2015,7,6,1,2957,N8600F,PDX,1515,1520,5,14,1534,220,227,208,1482,1702,5,1655,1707,12,0,0,,,,,,	
Sacramento International Airport,Sacramento,CA,USA,38.69542,-121.59077,Skywest Airlines Inc.,2015,4,21,2,4711,N161PQ,LAX,0959,0958,-1,14,1012,96,89,62,373,1114,13,1135,1127,-8,0,0,,,,,,	
Charlotte Douglas International Airport,Charlotte,NC,USA,35.21401,-80.94313,US Airways Inc.,2015,2,22,7,2068,N520UW,LGA,1425,1428,3,11,1439,102,88,70,544,1549,7,1607,1556,-11,0,0,,,,,,	
Ontario International Airport,Ontario,CA,USA,34.05600,-117.60119,Southwest Airlines Co.,2015,6,9,2,4166,N771SA,MDW,0555,0556,1,11,0607,240,234,204,1706,1131,19,1155,1150,-5,0,0,,,,,,	
NA,NA,NA,NA,NA,Alaska Airlines Inc.,Virgin America,2015,10,1,4,232,N843VA,13930,1005,1007,2,14,1021,245,261,205,1744,1546,42,1610,1628,18,0,0,,0,0,18,0,0	
Newark Liberty International Airport,Newark,NJ,USA,40.69250,-74.16866,United Air Lines Inc.,2015,8,2,7,1530,N24715,ORD,1512,1535,23,23,1558,150,135,106,719,1644,6,1642,1650,8,0,0,,,,,,	
General Mitchell International Airport,Milwaukee,WI,USA,42.94722,-87.89658,Skywest Airlines Inc.,2015,9,23,3,5353,N701BR,ORD,1912,1900,-12,17,1917,52,58,23,67,1940,18,2004,1958,-6,0,0,,,,,,	
Salt Lake City International Airport,Salt Lake City,UT,USA,40.78839,-111.97777,Delta Air Lines Inc.,2015,1,14,3,1084,N371DA,LAX,1346,1343,-3,16,1359,114,104,81,590,1420,7,1440,1427,-13,0,0,,,,,,	
Phoenix Sky Harbor International Airport,Phoenix,AZ,USA,33.43417,-112.00806,American Airlines Inc.,2015,7,8,3,459,N520UW,DEN,0839,0849,10,16,0905,109,101,80,602,1125,5,1128,1130,2,0,0,,,,,,	
Denver International Airport,Denver,CO,USA,39.85841,-104.66700,United Air Lines Inc.,2015,8,9,7,763,N829UA,SAN,1106,1154,48,10,1204,141,128,116,853,1300,2,1227,1302,35,0,0,,0,0,1,34,0	
Salt Lake City International Airport,Salt Lake City,UT,USA,40.78839,-111.97777,Skywest Airlines Inc.,2015,7,19,7,4753,N820SK,ONT,0847,1029,102,12,1041,112,98,82,558,1103,4,0939,1107,88,0,0,,0,0,88,0,0	
Southwest Florida International Airport,Ft. Myers,FL,USA,26.53617,-81.75517,Delta Air Lines Inc.,2015,8,7,5,1628,N943DL,ATL,1911,1901,-10,12,1913,114,124,85,515,2038,27,2105,2105,0,0,0,,,,,,	
Ronald Reagan Washington National Airport,Arlington,VA,USA,38.85208,-77.03772,Southwest Airlines Co.,2015,9,5,6,1234,N238WN,MDW,0655,0650,-5,12,0702,125,100,84,601,0726,4,0800,0730,-30,0,0,,,,,,	
Ontario International Airport,Ontario,CA,USA,34.05600,-117.60119,Southwest Airlines Co.,2015,2,17,2,1807,N732SW,SMF,1955,1957,2,5,2002,80,70,56,390,2058,9,2115,2107,-8,0,0,,,,,,	
Charlotte Douglas International Airport,Charlotte,NC,USA,35.21401,-80.94313,American Airlines Inc.,2015,9,23,3,1820,N676AW,RSW,1755,1755,0,13,1808,111,115,96,600,1944,6,1946,1950,4,0,0,,,,,,	
Portland International Airport,Portland,OR,USA,45.58872,-122.59750,Alaska Airlines Inc.,2015,12,30,3,714,N713AS,SLC,1635,1633,-2,13,1646,104,118,98,630,1924,7,1919,1931,12,0,0,,,,,,	
John F. Kennedy International Airport (New York International Airport),New York,NY,USA,40.63975,-73.77893,United Air Lines Inc.,2015,4,23,4,445,N502UA,LAX,1955,2042,47,30,2112,371,363,330,2475,2342,3,2306,2345,39,0,0,,7,0,0,32,0	
Seattle-Tacoma International Airport,Seattle,WA,USA,47.44898,-122.30931,Delta Air Lines Inc.,2015,11,22,7,935,N398DA,ANC,1502,1501,-1,10,1511,222,210,197,1448,1728,3,1744,1731,-13,0,0,,,,,,	
Fresno Yosemite International Airport,Fresno,CA,USA,36.77619,-119.71814,Skywest Airlines Inc.,2015,2,15,7,2606,N465SW,LAX,0800,0753,-7,18,0811,75,70,43,209,0854,9,0915,0903,-12,0,0,,,,,,	
Los Angeles International Airport,Los Angeles,CA,USA,33.94254,-118.40807,Delta Air Lines Inc.,2015,7,26,7,301,N388DA,TPA,1015,1015,0,12,1027,289,280,264,2158,1751,4,1804,1755,-9,0,0,,,,,,	
John F. Kennedy International Airport (New York International Airport),New York,NY,USA,40.63975,-73.77893,Virgin America,2015,8,11,2,399,N626VA,LAX,0700,0707,7,57,0804,355,384,318,2475,1022,9,0955,1031,36,0,0,,29,0,7,0,0	
Washington Dulles International Airport,Chantilly,VA,USA,38.94453,-77.45581,United Air Lines Inc.,2015,1,29,4,1281,N36444,IAH,2159,2155,-4,8,2203,205,176,164,1190,2347,4,0024,2351,-33,0,0,,,,,,	
Seattle-Tacoma International Airport,Seattle,WA,USA,47.44898,-122.30931,Alaska Airlines Inc.,2015,9,20,7,748,N464AS,STL,1205,1159,-6,18,1217,225,213,190,1709,1727,5,1750,1732,-18,0,0,,,,,,	
Portland International Airport,Portland,OR,USA,45.58872,-122.59750,Skywest Airlines Inc.,2015,11,28,6,3462,N171SY,ONT,1810,1921,71,11,1932,133,125,110,838,2122,4,2023,2126,63,0,0,,0,0,63,0,0	
Oakland International Airport,Oakland,CA,USA,37.72129,-122.22072,Southwest Airlines Co.,2015,4,27,1,778,N429WN,AUS,1025,1021,-4,8,1029,200,198,186,1497,1535,4,1545,1539,-6,0,0,,,,,,	
Santa Fe Municipal Airport,Santa Fe,NM,USA,35.61678,-106.08814,Atlantic Southeast Airlines,2015,5,3,7,5906,N11137,DEN,0749,0745,-4,10,0755,81,72,53,303,0848,9,0910,0857,-13,0,0,,,,,,	
Chicago Midway International Airport,Chicago,IL,USA,41.78598,-87.75242,Southwest Airlines Co.,2015,1,4,7,4222,N222WN,OMA,0845,0854,9,24,0918,85,95,67,423,1025,4,1010,1029,19,0,0,,10,0,9,0,0	
Phoenix Sky Harbor International Airport,Phoenix,AZ,USA,33.43417,-112.00806,Southwest Airlines Co.,2015,11,8,7,5869,N8641B,HOU,0615,0614,-1,10,0624,140,134,120,1020,0924,4,0935,0928,-7,0,0,,,,,,	
Kona International Airport at Keahole,Kailua/Kona,HI,USA,19.73877,-156.04563,Hawaiian Airlines Inc.,2015,4,28,2,119,N486HA,HNL,1033,1028,-5,8,1036,44,42,28,163,1104,6,1117,1110,-7,0,0,,,,,,	
NA,NA,NA,NA,NA,Alaska Airlines Inc.,Delta Air Lines Inc.,2015,10,3,6,2021,N339NW,14107,1555,1800,125,17,1817,255,247,226,1671,1903,4,1710,1907,117,0,0,,0,0,117,0,0	
Louis Armstrong New Orleans International Airport,New Orleans,LA,USA,29.99339,-90.25803,Southwest Airlines Co.,2015,6,16,2,501,N487WN,TPA,2200,2152,-8,8,2200,85,79,68,488,0008,3,0025,0011,-14,0,0,,,,,,	
Newark Liberty International Airport,Newark,NJ,USA,40.69250,-74.16866,United Air Lines Inc.,2015,7,17,5,240,N801UA,SAT,1848,1853,5,13,1906,252,212,197,1569,2123,2,2200,2125,-35,0,0,,,,,,	
Phoenix Sky Harbor International Airport,Phoenix,AZ,USA,33.43417,-112.00806,Skywest Airlines Inc.,2015,3,23,1,2785,N907SW,TUS,1030,1025,-5,27,1052,52,58,24,110,1116,7,1122,1123,1,0,0,,,,,,	
Los Angeles International Airport,Los Angeles,CA,USA,33.94254,-118.40807,American Airlines Inc.,2015,12,26,6,1332,N3JCAA,ORD,1435,1454,19,14,1508,252,240,208,1744,2036,18,2047,2054,7,0,0,,,,,,	
Newark Liberty International Airport,Newark,NJ,USA,40.69250,-74.16866,United Air Lines Inc.,2015,3,4,3,1260,N68836,SFO,1735,1811,36,13,1824,401,382,361,2565,2125,8,2116,2133,17,0,0,,0,0,9,8,0	
NA,NA,NA,NA,NA,Alaska Airlines Inc.,American Eagle Airlines Inc.,2015,10,26,1,3199,N918MQ,10268,2007,2003,-4,10,2013,71,52,38,234,2051,4,2118,2055,-23,0,0,,,,,,	
Hartsfield-Jackson Atlanta International Airport,Atlanta,GA,USA,33.64044,-84.42694,Delta Air Lines Inc.,2015,4,16,4,2472,N902DA,CHS,1339,1409,30,17,1426,70,67,43,259,1509,7,1449,1516,27,0,0,,0,0,27,0,0	
St. Louis International Airport at Lambert Field,St Louis,MO,USA,38.74769,-90.35999,American Airlines Inc.,2015,2,5,4,1312,N006AA,MIA,0615,0610,-5,32,0642,168,227,171,1068,1033,24,1003,1057,54,0,0,,54,0,0,0,0	
San Francisco International Airport,San Francisco,CA,USA,37.61900,-122.37484,United Air Lines Inc.,2015,8,9,7,1721,N75854,KOA,0915,0911,-4,19,0930,323,315,291,2367,1121,5,1138,1126,-12,0,0,,,,,,	
Dallas/Fort Worth International Airport,Dallas-Fort Worth,TX,USA,32.89595,-97.03720,American Eagle Airlines Inc.,2015,3,2,1,3641,N696MQ,DSM,0655,0651,-4,14,0705,112,99,81,624,0826,4,0847,0830,-17,0,0,,,,,,	
San Antonio International Airport,San Antonio,TX,USA,29.53369,-98.46978,US Airways Inc.,2015,6,5,5,1988,N716UW,CLT,0659,0706,7,10,0716,170,159,144,1095,1040,5,1049,1045,-4,0,0,,,,,,	
Phoenix Sky Harbor International Airport,Phoenix,AZ,USA,33.43417,-112.00806,Skywest Airlines Inc.,2015,1,11,7,2726,N885AS,DRO,0954,0942,-12,22,1004,87,81,55,351,1059,4,1121,1103,-18,0,0,,,,,,	
Newark Liberty International Airport,Newark,NJ,USA,40.69250,-74.16866,United Air Lines Inc.,2015,9,24,4,1690,N16709,IAH,1536,1532,-4,33,1605,231,224,186,1400,1811,5,1827,1816,-11,0,0,,,,,,	
San Francisco International Airport,San Francisco,CA,USA,37.61900,-122.37484,Virgin America,2015,11,4,3,340,N855VA,FLL,0825,0823,-2,12,0835,320,321,307,2584,1642,2,1645,1644,-1,0,0,,,,,,	
NA,NA,NA,NA,NA,Alaska Airlines Inc.,Alaska Airlines Inc.,2015,10,18,7,401,N769AS,14057,1855,1846,-9,14,1900,100,103,86,569,2026,3,2035,2029,-6,0,0,,,,,,	
McCarran International Airport,Las Vegas,NV,USA,36.08036,-115.15233,Southwest Airlines Co.,2015,11,22,7,2575,N8318F,SNA,1945,1953,8,13,2006,60,57,38,226,2044,6,2045,2050,5,0,0,,,,,,	
McCarran International Airport,Las Vegas,NV,USA,36.08036,-115.15233,Delta Air Lines Inc.,2015,9,13,7,1450,N592NW,MSP,0055,0229,94,12,0241,174,169,154,1299,0715,3,0549,0718,89,0,0,,0,0,89,0,0	
Baltimore-Washington International Airport,Baltimore,MD,USA,39.17540,-76.66820,Southwest Airlines Co.,2015,12,23,3,1069,N618WN,DAL,0630,0631,1,18,0649,215,224,201,1209,0910,5,0905,0915,10,0,0,,,,,,	
Austin-Bergstrom International Airport,Austin,TX,USA,30.19453,-97.66987,Skywest Airlines Inc.,2015,5,2,6,5653,N751SK,LAX,0647,0639,-8,12,0651,210,208,172,1242,0743,24,0817,0807,-10,0,0,,,,,,	
McCarran International Airport,Las Vegas,NV,USA,36.08036,-115.15233,Alaska Airlines Inc.,2015,7,17,5,617,N472AS,SEA,0920,0916,-4,12,0928,147,143,124,867,1132,7,1147,1139,-8,0,0,,,,,,	
Philadelphia International Airport,Philadelphia,PA,USA,39.87195,-75.24114,American Airlines Inc.,2015,12,29,2,1836,N185UW,PHX,0645,0753,68,18,0811,320,325,292,2075,1103,15,1005,1118,73,0,0,,5,0,68,0,0	
NA,NA,NA,NA,NA,Alaska Airlines Inc.,Atlantic Southeast Airlines,2015,10,19,1,2818,N629AE,15249,1835,1903,28,23,1926,133,124,96,767,2202,5,2148,2207,19,0,0,,0,0,15,4,0	
Miami International Airport,Miami,FL,USA,25.79325,-80.29056,American Airlines Inc.,2015,5,13,3,1152,N3GPAA,ORD,0920,0918,-2,19,0937,205,206,173,1197,1130,14,1145,1144,-1,0,0,,,,,,	
Hartsfield-Jackson Atlanta International Airport,Atlanta,GA,USA,33.64044,-84.42694,Southwest Airlines Co.,2015,7,26,7,1353,N248WN,FLL,0855,0852,-3,12,0904,120,106,82,581,1026,12,1055,1038,-17,0,0,,,,,,	
Seattle-Tacoma International Airport,Seattle,WA,USA,47.44898,-122.30931,Alaska Airlines Inc.,2015,5,6,3,728,N413AS,IAD,0920,0918,-2,12,0930,300,296,280,2306,1710,4,1720,1714,-6,0,0,,,,,,	
Tampa International Airport,Tampa,FL,USA,27.97547,-82.53325,Southwest Airlines Co.,2015,3,6,5,372,N778SW,PHL,2015,2101,46,10,2111,145,129,113,920,2304,6,2240,2310,30,0,0,,0,0,0,30,0	
Chicago O'Hare International Airport,Chicago,IL,USA,41.97960,-87.90446,American Airlines Inc.,2015,5,4,1,1678,N3MEAA,BOS,1340,1335,-5,9,1344,145,126,113,867,1637,4,1705,1641,-24,0,0,,,,,,	
William P. Hobby Airport,Houston,TX,USA,29.64542,-95.27889,Southwest Airlines Co.,2015,1,8,4,51,N514SW,HRL,2040,2038,-2,10,2048,60,64,50,277,2138,4,2140,2142,2,0,0,,,,,,	
Cleveland Hopkins International Airport,Cleveland,OH,USA,41.41089,-81.84940,Southwest Airlines Co.,2015,6,23,2,609,N963WN,PHX,1935,2134,119,11,2145,250,245,226,1737,2231,8,2045,2239,114,0,0,,0,0,2,112,0	
Jacksonville International Airport,Jacksonville,FL,USA,30.49406,-81.68786,Delta Air Lines Inc.,2015,2,7,6,1186,N917DE,ATL,1300,1255,-5,13,1308,80,67,43,270,1351,11,1420,1402,-18,0,0,,,,,,	
Austin-Bergstrom International Airport,Austin,TX,USA,30.19453,-97.66987,Delta Air Lines Inc.,2015,5,20,3,955,N347NB,DTW,0715,0715,0,12,0727,176,160,140,1149,1047,8,1111,1055,-16,0,0,,,,,,	
Sarasota-Bradenton International Airport,Sarasota,FL,USA,27.39533,-82.55411,JetBlue Airways,2015,12,22,2,432,N562JB,LGA,1926,2004,38,9,2013,153,142,128,1047,2221,5,2159,2226,27,0,0,,0,0,12,15,0	
Hartsfield-Jackson Atlanta International Airport,Atlanta,GA,USA,33.64044,-84.42694,Delta Air Lines Inc.,2015,6,16,2,2161,N914DE,PHL,1635,1640,5,23,1703,135,124,95,666,1838,6,1850,1844,-6,0,0,,,,,,	
Phoenix Sky Harbor International Airport,Phoenix,AZ,USA,33.43417,-112.00806,Southwest Airlines Co.,2015,4,20,1,713,N429WN,SNA,0635,0631,-4,9,0640,75,94,55,338,0735,30,0750,0805,15,0,0,,15,0,0,0,0	
Salt Lake City International Airport,Salt Lake City,UT,USA,40.78839,-111.97777,JetBlue Airways,2015,6,23,2,802,N607JB,MCO,2350,0306,196,11,0317,262,239,226,1931,0903,2,0612,0905,173,0,0,,0,0,0,173,0	
Los Angeles International Airport,Los Angeles,CA,USA,33.94254,-118.40807,American Airlines Inc.,2015,3,6,5,2378,N3HWAA,SFO,1030,1026,-4,24,1050,83,81,51,337,1141,6,1153,1147,-6,0,0,,,,,,	
Phoenix Sky Harbor International Airport,Phoenix,AZ,USA,33.43417,-112.00806,American Airlines Inc.,2015,8,15,6,855,N817AW,IAH,2150,2153,3,22,2215,152,159,129,1009,0224,8,0222,0232,10,0,0,,,,,,	
Philadelphia International Airport,Philadelphia,PA,USA,39.87195,-75.24114,JetBlue Airways,2015,1,29,4,660,N351JB,BOS,1751,1809,18,45,1854,84,111,62,280,1956,4,1915,2000,45,0,0,,45,0,0,0,0	
George Bush Intercontinental Airport,Houston,TX,USA,29.98047,-95.33972,Frontier Airlines Inc.,2015,3,22,7,1357,N912FR,PHX,1529,1552,23,16,1608,170,168,147,1009,1635,5,1619,1640,21,0,0,,18,0,3,0,0	
Minneapolis-Saint Paul International Airport,Minneapolis,MN,USA,44.88055,-93.21692,Skywest Airlines Inc.,2015,5,29,5,4484,N809CA,TUL,1422,1428,6,29,1457,119,122,90,615,1627,3,1621,1630,9,0,0,,,,,,	
Dallas/Fort Worth International Airport,Dallas-Fort Worth,TX,USA,32.89595,-97.03720,American Airlines Inc.,2015,1,14,3,2457,N548AA,LAS,2240,2231,-9,8,2239,176,171,157,1055,2316,6,2336,2322,-14,0,0,,,,,,	
Phoenix Sky Harbor International Airport,Phoenix,AZ,USA,33.43417,-112.00806,American Airlines Inc.,2015,8,18,2,450,N812AW,SLC,1340,1355,15,9,1404,96,84,69,507,1613,6,1616,1619,3,0,0,,,,,,	
Jamestown Regional Airport,Jamestown,ND,USA,46.92972,-98.67820,Skywest Airlines Inc.,2015,1,22,4,5366,N980SW,DEN,0800,,,,,109,,,573,,,0849,,,0,1,C,,,,,	
John F. Kennedy International Airport (New York International Airport),New York,NY,USA,40.63975,-73.77893,Delta Air Lines Inc.,2015,7,7,2,424,N192DN,LAX,0720,0719,-1,19,0738,375,359,325,2475,1003,15,1035,1018,-17,0,0,,,,,,	
Minneapolis-Saint Paul International Airport,Minneapolis,MN,USA,44.88055,-93.21692,Atlantic Southeast Airlines,2015,7,25,6,4535,N16147,EWR,0944,0935,-9,11,0946,166,148,128,1008,1254,9,1330,1303,-27,0,0,,,,,,	
Miami International Airport,Miami,FL,USA,25.79325,-80.29056,American Airlines Inc.,2015,12,27,7,1605,N397AA,DFW,1525,1825,180,16,1841,199,207,168,1121,2029,23,1744,2052,188,0,0,,188,0,0,0,0	
Missoula International Airport,Missoula,MT,USA,46.91631,-114.09056,Skywest Airlines Inc.,2015,6,2,2,4632,N8968E,SLC,1301,1253,-8,12,1305,84,85,69,436,1414,4,1425,1418,-7,0,0,,,,,,	
John Wayne Airport (Orange County Airport),Santa Ana,CA,USA,33.67566,-117.86822,Southwest Airlines Co.,2015,2,2,1,3214,N221WN,SFO,0940,0944,4,7,0951,90,80,67,372,1058,6,1110,1104,-6,0,0,,,,,,	
Denver International Airport,Denver,CO,USA,39.85841,-104.66700,Southwest Airlines Co.,2015,11,20,5,1912,N793SA,BNA,1350,1352,2,10,1402,140,127,112,1014,1654,5,1710,1659,-11,0,0,,,,,,	
San Francisco International Airport,San Francisco,CA,USA,37.61900,-122.37484,Virgin America,2015,4,5,7,1178,N626VA,EWR,1405,1406,1,22,1428,325,297,269,2565,2157,6,2230,2203,-27,0,0,,,,,,	
NA,NA,NA,NA,NA,Alaska Airlines Inc.,American Airlines Inc.,2015,10,8,4,2201,N494AA,15016,2150,2156,6,17,2213,76,70,47,258,2300,6,2306,2306,0,0,0,,,,,,	
Chicago O'Hare International Airport,Chicago,IL,USA,41.97960,-87.90446,United Air Lines Inc.,2015,9,21,1,1632,N73283,LAX,1148,1144,-4,11,1155,271,265,248,1744,1403,6,1419,1409,-10,0,0,,,,,,	
Seattle-Tacoma International Airport,Seattle,WA,USA,47.44898,-122.30931,Delta Air Lines Inc.,2015,4,19,7,2200,N548US,SLC,1134,1129,-5,16,1145,116,114,92,689,1417,6,1430,1423,-7,0,0,,,,,,	
Norman Y. Mineta San José International Airport,San Jose,CA,USA,37.36186,-121.92901,Southwest Airlines Co.,2015,1,14,3,640,N408WN,SNA,1920,1922,2,6,1928,75,74,62,342,2030,6,2035,2036,1,0,0,,,,,,	
San Diego International Airport (Lindbergh Field),San Diego,CA,USA,32.73356,-117.18966,American Airlines Inc.,2015,9,13,7,277,N5FDAA,DFW,1055,1053,-2,17,1110,181,175,146,1171,1536,12,1556,1548,-8,0,0,,,,,,	
San Francisco International Airport,San Francisco,CA,USA,37.61900,-122.37484,United Air Lines Inc.,2015,12,21,1,1863,N38459,ORD,0627,0626,-1,20,0646,258,261,223,1846,1229,18,1245,1247,2,0,0,,,,,,	
St. Louis International Airport at Lambert Field,St Louis,MO,USA,38.74769,-90.35999,Southwest Airlines Co.,2015,6,13,6,2132,N400WN,RSW,1455,1448,-7,10,1458,150,141,127,979,1805,4,1825,1809,-16,0,0,,,,,,	
Dallas/Fort Worth International Airport,Dallas-Fort Worth,TX,USA,32.89595,-97.03720,American Airlines Inc.,2015,3,17,2,60,N379AA,MIA,1755,1757,2,12,1809,160,158,138,1121,2127,8,2135,2135,0,0,0,,,,,,	
Chicago O'Hare International Airport,Chicago,IL,USA,41.97960,-87.90446,United Air Lines Inc.,2015,4,16,4,565,N448UA,PHX,0858,0850,-8,13,0903,231,214,193,1440,1016,8,1049,1024,-25,0,0,,,,,,	
Hartsfield-Jackson Atlanta International Airport,Atlanta,GA,USA,33.64044,-84.42694,Atlantic Southeast Airlines,2015,3,10,2,5425,N839AS,CRW,1225,1221,-4,13,1234,80,75,60,363,1334,2,1345,1336,-9,0,0,,,,,,	
Reno/Tahoe International Airport,Reno,NV,USA,39.49858,-119.76806,Southwest Airlines Co.,2015,7,12,7,156,N8656B,LAS,0700,0700,0,9,0709,85,66,53,345,0802,4,0825,0806,-19,0,0,,,,,,	
San Antonio International Airport,San Antonio,TX,USA,29.53369,-98.46978,United Air Lines Inc.,2015,6,28,7,1245,N39416,IAH,0700,0801,61,38,0839,64,96,48,191,0927,10,0804,0937,93,0,0,,93,0,0,0,0	
Chicago Midway International Airport,Chicago,IL,USA,41.78598,-87.75242,Southwest Airlines Co.,2015,4,12,7,863,N486WN,JAX,1520,1518,-2,5,1523,135,135,125,849,1828,5,1835,1833,-2,0,0,,,,,,	
Chicago Midway International Airport,Chicago,IL,USA,41.78598,-87.75242,Southwest Airlines Co.,2015,4,9,4,803,N7716A,LGA,1410,1509,59,22,1531,130,123,92,725,1803,9,1720,1812,52,0,0,,0,0,4,48,0	
Austin-Bergstrom International Airport,Austin,TX,USA,30.19453,-97.66987,Southwest Airlines Co.,2015,1,29,4,4811,N951WN,BNA,0600,0554,-6,13,0607,115,112,95,756,0742,4,0755,0746,-9,0,0,,,,,,	
Buffalo Niagara International Airport,Buffalo,NY,USA,42.94052,-78.73217,Southwest Airlines Co.,2015,1,8,4,532,N8309C,TPA,0635,0637,2,20,0657,180,157,133,1053,0910,4,0935,0914,-21,0,0,,,,,,	
Natrona County International Airport,Casper,WY,USA,42.90836,-106.46447,Skywest Airlines Inc.,2015,4,22,3,7373,N910EV,SLC,1706,1656,-10,4,1700,82,60,51,320,1751,5,1828,1756,-32,0,0,,,,,,	
NA,NA,NA,NA,NA,Alaska Airlines Inc.,United Air Lines Inc.,2015,10,11,7,308,N489UA,12266,0600,0559,-1,13,0612,129,107,87,657,0739,7,0809,0746,-23,0,0,,,,,,	
St. Louis International Airport at Lambert Field,St Louis,MO,USA,38.74769,-90.35999,Delta Air Lines Inc.,2015,12,27,7,1834,N925DL,ATL,1846,1845,-1,14,1859,94,101,73,484,2112,14,2120,2126,6,0,0,,,,,,	
El Paso International Airport,El Paso,TX,USA,31.80667,-106.37781,Southwest Airlines Co.,2015,2,25,3,2503,N522SW,SAT,1700,1753,53,12,1805,80,73,57,496,2002,4,1920,2006,46,0,0,,0,0,6,40,0	
Tampa International Airport,Tampa,FL,USA,27.97547,-82.53325,American Airlines Inc.,2015,8,3,1,1465,N3FUAA,MIA,1751,1748,-3,9,1757,74,64,40,204,1837,15,1905,1852,-13,0,0,,,,,,	
Los Angeles International Airport,Los Angeles,CA,USA,33.94254,-118.40807,Skywest Airlines Inc.,2015,5,22,5,2867,N955SW,SAN,1025,1018,-7,18,1036,49,51,30,109,1106,3,1114,1109,-5,0,0,,,,,,	
Washington Dulles International Airport,Chantilly,VA,USA,38.94453,-77.45581,American Airlines Inc.,2015,2,26,4,75,N3CHAA,LAX,1830,1827,-3,16,1843,356,336,314,2288,2057,6,2126,2103,-23,0,0,,,,,,	
Fort Lauderdale-Hollywood International Airport,Ft. Lauderdale,FL,USA,26.07258,-80.15275,Delta Air Lines Inc.,2015,3,30,1,2659,N67171,JFK,2023,2020,-3,16,2036,181,157,135,1069,2251,6,2324,2257,-27,0,0,,,,,,	
Orlando International Airport,Orlando,FL,USA,28.42889,-81.31603,Southwest Airlines Co.,2015,12,16,3,990,N371SW,IND,1935,2020,45,7,2027,145,134,120,829,2227,7,2200,2234,34,0,0,,0,0,0,34,0	
San Diego International Airport (Lindbergh Field),San Diego,CA,USA,32.73356,-117.18966,Alaska Airlines Inc.,2015,5,11,1,233,N469AS,SEA,1735,1738,3,14,1752,166,169,147,1050,2019,8,2021,2027,6,0,0,,,,,,	
Palm Beach International Airport,West Palm Beach,FL,USA,26.68316,-80.09559,Southwest Airlines Co.,2015,11,1,7,1170,N926WN,PHL,0900,0858,-2,10,0908,155,142,128,951,1116,4,1135,1120,-15,0,0,,,,,,	
Dallas/Fort Worth International Airport,Dallas-Fort Worth,TX,USA,32.89595,-97.03720,Atlantic Southeast Airlines,2015,1,11,7,2557,N906EV,BRO,1055,1057,2,18,1115,95,96,76,482,1231,2,1230,1233,3,0,0,,,,,,	
Dallas/Fort Worth International Airport,Dallas-Fort Worth,TX,USA,32.89595,-97.03720,American Airlines Inc.,2015,3,2,1,1645,N3ECAA,AUS,2010,2243,153,18,2301,57,64,41,190,2342,5,2107,2347,160,0,0,,7,0,153,0,0	
NA,NA,NA,NA,NA,Alaska Airlines Inc.,American Airlines Inc.,2015,10,28,3,667,N667AW,14107,1145,1144,-1,19,1203,68,67,45,255,1248,3,1253,1251,-2,0,0,,,,,,	
NA,NA,NA,NA,NA,Alaska Airlines Inc.,Atlantic Southeast Airlines,2015,10,3,6,4325,N14573,14576,1720,1758,38,19,1817,75,63,39,246,1856,5,1835,1901,26,0,0,,0,0,0,26,0	
Jamestown Regional Airport,Jamestown,ND,USA,46.92972,-98.67820,Skywest Airlines Inc.,2015,7,13,1,5315,N929EV,DVL,1320,1313,-7,17,1330,40,42,19,83,1349,6,1400,1355,-5,0,0,,,,,,	
Hartsfield-Jackson Atlanta International Airport,Atlanta,GA,USA,33.64044,-84.42694,Delta Air Lines Inc.,2015,4,9,4,2475,N910DN,MKE,1028,1043,15,16,1059,129,110,90,669,1129,4,1137,1133,-4,0,0,,,,,,	
Dallas/Fort Worth International Airport,Dallas-Fort Worth,TX,USA,32.89595,-97.03720,American Airlines Inc.,2015,7,1,3,1484,N503AA,AUS,0900,0854,-6,15,0909,64,52,32,190,0941,5,1004,0946,-18,0,0,,,,,,	
Honolulu International Airport,Honolulu,HI,USA,21.31869,-157.92241,United Air Lines Inc.,2015,12,20,7,1231,N57870,LAX,0700,0659,-1,13,0712,329,323,301,2556,1413,9,1429,1422,-7,0,0,,,,,,	
Phoenix Sky Harbor International Airport,Phoenix,AZ,USA,33.43417,-112.00806,Southwest Airlines Co.,2015,9,3,4,2289,N7812G,MDW,0825,0825,0,11,0836,205,196,172,1444,1328,13,1350,1341,-9,0,0,,,,,,	
LaGuardia Airport (Marine Air Terminal),New York,NY,USA,40.77724,-73.87261,Spirit Air Lines,2015,6,24,3,197,N617NK,FLL,1050,1052,2,46,1138,184,191,140,1076,1358,5,1354,1403,9,0,0,,,,,,	
University of Illinois - Willard Airport,Champaign/Urbana,IL,USA,40.03925,-88.27806,American Eagle Airlines Inc.,2015,1,5,1,3120,N684MQ,ORD,0835,1105,150,15,1120,65,96,34,135,1154,47,0940,1241,181,0,0,,31,0,150,0,0	
Hartsfield-Jackson Atlanta International Airport,Atlanta,GA,USA,33.64044,-84.42694,Delta Air Lines Inc.,2015,6,1,1,1060,N996DL,IAH,1924,1929,5,19,1948,138,119,96,689,2024,4,2042,2028,-14,0,0,,,,,,	
Philadelphia International Airport,Philadelphia,PA,USA,39.87195,-75.24114,US Airways Inc.,2015,3,30,1,1991,N654AW,ORD,0940,0937,-3,11,0948,145,129,106,678,1034,12,1105,1046,-19,0,0,,,,,,	
Baltimore-Washington International Airport,Baltimore,MD,USA,39.17540,-76.66820,Southwest Airlines Co.,2015,3,7,6,1724,N8305E,FLL,2050,2048,-2,12,2100,155,143,127,925,2307,4,2325,2311,-14,0,0,,,,,,	
Ronald Reagan Washington National Airport,Arlington,VA,USA,38.85208,-77.03772,Virgin America,2015,11,16,1,731,N525VA,DAL,0730,0911,101,20,0931,200,193,170,1184,1121,3,0950,1124,94,0,0,,10,0,84,0,0	
Norman Y. Mineta San José International Airport,San Jose,CA,USA,37.36186,-121.92901,Southwest Airlines Co.,2015,7,9,4,574,N203WN,SEA,1330,1329,-1,7,1336,120,113,100,697,1516,6,1530,1522,-8,0,0,,,,,,	
Raleigh-Durham International Airport,Raleigh,NC,USA,35.87764,-78.78747,Southwest Airlines Co.,2015,11,16,1,473,N400WN,PHX,1650,1651,1,12,1703,305,295,275,1891,1938,8,1955,1946,-9,0,0,,,,,,	
NA,NA,NA,NA,NA,Alaska Airlines Inc.,Delta Air Lines Inc.,2015,10,24,6,1381,N603AT,12945,1456,1455,-1,9,1504,78,61,48,304,1552,4,1614,1556,-18,0,0,,,,,,	
Norman Y. Mineta San José International Airport,San Jose,CA,USA,37.36186,-121.92901,Delta Air Lines Inc.,2015,1,19,1,1684,N392DA,ATL,2303,2300,-3,12,2312,266,248,231,2116,0603,5,0629,0608,-21,0,0,,,,,,	
John Wayne Airport (Orange County Airport),Santa Ana,CA,USA,33.67566,-117.86822,Southwest Airlines Co.,2015,1,4,7,1576,N219WN,LAS,1225,1224,-1,12,1236,60,62,43,226,1319,7,1325,1326,1,0,0,,,,,,	
Bismarck Municipal Airport,Bismarck,ND,USA,46.77411,-100.74672,Delta Air Lines Inc.,2015,1,3,6,2559,N302NB,MSP,0500,0455,-5,16,0511,90,71,53,386,0604,2,0630,0606,-24,0,0,,,,,,	
NA,NA,NA,NA,NA,Alaska Airlines Inc.,American Eagle Airlines Inc.,2015,10,20,2,3174,N625MQ,14783,2004,1959,-5,27,2026,103,99,66,438,2132,6,2147,2138,-9,0,0,,,,,,	
Tampa International Airport,Tampa,FL,USA,27.97547,-82.53325,JetBlue Airways,2015,5,24,7,574,N516JB,EWR,2017,2015,-2,9,2024,162,147,135,997,2239,3,2259,2242,-17,0,0,,,,,,	
Dallas/Fort Worth International Airport,Dallas-Fort Worth,TX,USA,32.89595,-97.03720,American Airlines Inc.,2015,3,23,1,1379,N586AA,TUL,1825,1841,16,13,1854,60,57,41,237,1935,3,1925,1938,13,0,0,,,,,,	
Denver International Airport,Denver,CO,USA,39.85841,-104.66700,United Air Lines Inc.,2015,11,9,1,495,N76514,IAD,1007,1006,-1,25,1031,207,212,176,1452,1527,11,1534,1538,4,0,0,,,,,,	
NA,NA,NA,NA,NA,Alaska Airlines Inc.,Delta Air Lines Inc.,2015,10,18,7,2281,N842DN,12339,1610,1606,-4,17,1623,95,90,66,432,1729,7,1745,1736,-9,0,0,,,,,,	
Buffalo Niagara International Airport,Buffalo,NY,USA,42.94052,-78.73217,Southwest Airlines Co.,2015,11,12,4,335,N8663A,FLL,0830,0830,0,9,0839,195,178,164,1166,1123,5,1145,1128,-17,0,0,,,,,,	
Chicago O'Hare International Airport,Chicago,IL,USA,41.97960,-87.90446,Skywest Airlines Inc.,2015,7,26,7,5630,N754SK,CVG,1737,1738,1,16,1754,75,71,45,265,1939,10,1952,1949,-3,0,0,,,,,,	
San Diego International Airport (Lindbergh Field),San Diego,CA,USA,32.73356,-117.18966,Skywest Airlines Inc.,2015,2,14,6,2623,N465SW,LAX,0900,0849,-11,14,0903,45,53,24,109,0927,15,0945,0942,-3,0,0,,,,,,	
Chicago O'Hare International Airport,Chicago,IL,USA,41.97960,-87.90446,Skywest Airlines Inc.,2015,1,28,3,4987,N110SY,MCI,1315,1317,2,15,1332,94,83,65,403,1437,3,1449,1440,-9,0,0,,,,,,	
George Bush Intercontinental Airport,Houston,TX,USA,29.98047,-95.33972,United Air Lines Inc.,2015,8,16,7,369,N448UA,LGA,1745,1800,15,36,1836,219,217,173,1416,2229,8,2224,2237,13,0,0,,,,,,	
Newark Liberty International Airport,Newark,NJ,USA,40.69250,-74.16866,Atlantic Southeast Airlines,2015,3,11,3,4733,N11544,DAY,1700,1650,-10,10,1700,123,109,95,533,1835,4,1903,1839,-24,0,0,,,,,,	
McCarran International Airport,Las Vegas,NV,USA,36.08036,-115.15233,American Airlines Inc.,2015,2,5,4,1691,N3CEAA,LAX,1840,1838,-2,25,1903,68,81,43,236,1946,13,1948,1959,11,0,0,,,,,,	
Honolulu International Airport,Honolulu,HI,USA,21.31869,-157.92241,Delta Air Lines Inc.,2015,12,15,2,1212,N590NW,LAX,2244,2244,0,23,2307,326,335,303,2556,0610,9,0610,0619,9,0,0,,,,,,	
Norman Y. Mineta San José International Airport,San Jose,CA,USA,37.36186,-121.92901,Hawaiian Airlines Inc.,2015,4,18,6,45,N592HA,OGG,0720,0711,-9,11,0722,320,,,2355,,,0940,,,1,0,,,,,,	
Baltimore-Washington International Airport,Baltimore,MD,USA,39.17540,-76.66820,American Airlines Inc.,2015,6,7,7,1018,N569AA,DFW,1524,1522,-2,12,1534,202,179,154,1217,1708,13,1746,1721,-25,0,0,,,,,,	
Phoenix Sky Harbor International Airport,Phoenix,AZ,USA,33.43417,-112.00806,American Airlines Inc.,2015,11,2,1,634,N760US,PIT,1610,1606,-4,8,1614,236,222,209,1814,2143,5,2206,2148,-18,0,0,,,,,,	
Hartsfield-Jackson Atlanta International Airport,Atlanta,GA,USA,33.64044,-84.42694,Delta Air Lines Inc.,2015,8,22,6,1224,N980AT,BHM,2210,2210,0,16,2226,52,45,25,134,2151,4,2202,2155,-7,0,0,,,,,,	
NA,NA,NA,NA,NA,Alaska Airlines Inc.,Southwest Airlines Co.,2015,10,23,5,2500,N258WN,14869,1300,1255,-5,9,1304,90,87,75,507,1519,3,1530,1522,-8,0,0,,,,,,	
McCarran International Airport,Las Vegas,NV,USA,36.08036,-115.15233,Southwest Airlines Co.,2015,4,23,4,847,N8322X,PHL,1645,1726,41,14,1740,285,251,230,2176,0030,7,0030,0037,7,0,0,,,,,,	
Richmond International Airport,Richmond,VA,USA,37.50517,-77.31967,JetBlue Airways,2015,8,4,2,1482,N294JB,BOS,0923,0922,-1,10,0932,90,91,75,474,1047,6,1053,1053,0,0,0,,,,,,	
Minneapolis-Saint Paul International Airport,Minneapolis,MN,USA,44.88055,-93.21692,Skywest Airlines Inc.,2015,4,27,1,4770,N457SW,DIK,1001,0959,-2,16,1015,109,105,83,481,1038,6,1050,1044,-6,0,0,,,,,,	
Dallas/Fort Worth International Airport,Dallas-Fort Worth,TX,USA,32.89595,-97.03720,Spirit Air Lines,2015,7,26,7,718,N621NK,LGA,0730,0737,7,17,0754,210,202,175,1389,1149,10,1200,1159,-1,0,0,,,,,,	
George Bush Intercontinental Airport,Houston,TX,USA,29.98047,-95.33972,Atlantic Southeast Airlines,2015,5,19,2,4238,N12922,MOB,1912,1920,8,42,2002,79,107,60,427,2102,5,2031,2107,36,0,0,,28,0,8,0,0	
Baltimore-Washington International Airport,Baltimore,MD,USA,39.17540,-76.66820,Southwest Airlines Co.,2015,7,13,1,4223,N418WN,JAX,2045,2210,85,13,2223,120,104,86,663,2349,5,2245,2354,69,0,0,,0,0,68,1,0	
Bob Hope Airport (Hollywood Burbank Airport),Burbank,CA,USA,34.20062,-118.35850,Southwest Airlines Co.,2015,11,14,6,1246,N218WN,SMF,1000,0959,-1,12,1011,80,68,52,358,1103,4,1120,1107,-13,0,0,,,,,,	
Long Beach Airport (Daugherty Field),Long Beach,CA,USA,33.81772,-118.15161,Skywest Airlines Inc.,2015,2,27,5,4644,N814SK,SLC,1017,1009,-8,16,1025,112,112,88,588,1253,8,1309,1301,-8,0,0,,,,,,	
Lubbock Preston Smith International Airport,Lubbock,TX,USA,33.66364,-101.82278,Atlantic Southeast Airlines,2015,2,18,3,4507,N12921,IAH,0755,0750,-5,21,0811,95,92,66,458,0917,5,0930,0922,-8,0,0,,,,,,	
NA,NA,NA,NA,NA,Alaska Airlines Inc.,American Airlines Inc.,2015,10,13,2,1033,N3GMAA,11278,0600,0552,-8,13,0605,178,162,141,1192,0926,8,0958,0934,-24,0,0,,,,,,	
LaGuardia Airport (Marine Air Terminal),New York,NY,USA,40.77724,-73.87261,Southwest Airlines Co.,2015,2,3,2,238,N739GB,BNA,1755,1752,-3,17,1809,165,145,123,764,1912,5,1940,1917,-23,0,0,,,,,,	
Akron-Canton Regional Airport,Akron,OH,USA,40.91631,-81.44247,Southwest Airlines Co.,2015,6,4,4,2321,N278WN,ATL,0555,0551,-4,9,0600,100,95,78,528,0718,8,0735,0726,-9,0,0,,,,,,	
Richmond International Airport,Richmond,VA,USA,37.50517,-77.31967,Southwest Airlines Co.,2015,8,16,7,3003,N492WN,ATL,1245,1247,2,17,1304,105,104,78,481,1422,9,1430,1431,1,0,0,,,,,,	
Des Moines International Airport,Des Moines,IA,USA,41.53493,-93.66068,Atlantic Southeast Airlines,2015,1,4,7,4593,N11539,IAH,0530,0527,-3,25,0552,162,162,129,802,0801,8,0812,0809,-3,0,0,,,,,,	
Denver International Airport,Denver,CO,USA,39.85841,-104.66700,United Air Lines Inc.,2015,8,12,3,716,N836UA,RNO,2217,2204,-13,27,2231,144,145,116,804,2327,2,2341,2329,-12,0,0,,,,,,	
LaGuardia Airport (Marine Air Terminal),New York,NY,USA,40.77724,-73.87261,Spirit Air Lines,2015,2,25,3,711,N614NK,DTW,1645,1652,7,21,1713,128,122,88,502,1841,13,1853,1854,1,0,0,,,,,,	
Denver International Airport,Denver,CO,USA,39.85841,-104.66700,Southwest Airlines Co.,2015,8,15,6,2013,N8663A,RDU,1715,1716,1,13,1729,195,195,178,1436,2227,4,2230,2231,1,0,0,,,,,,	
Los Angeles International Airport,Los Angeles,CA,USA,33.94254,-118.40807,American Airlines Inc.,2015,7,31,5,2381,N867AA,MCO,0800,0804,4,17,0821,308,301,276,2218,1557,8,1608,1605,-3,0,0,,,,,,	
Los Angeles International Airport,Los Angeles,CA,USA,33.94254,-118.40807,American Airlines Inc.,2015,8,4,2,1982,N554UW,CLT,0030,0117,47,18,0135,295,272,245,2125,0840,9,0825,0849,24,0,0,,0,0,20,4,0	
Orlando International Airport,Orlando,FL,USA,28.42889,-81.31603,Southwest Airlines Co.,2015,7,3,5,675,N201LV,ATL,1810,1806,-4,11,1817,95,82,62,404,1919,9,1945,1928,-17,0,0,,,,,,	
Eugene Airport (Mahlon Sweet Field),Eugene,OR,USA,44.12326,-123.21869,Skywest Airlines Inc.,2015,3,12,4,6391,N928SW,DEN,0530,0526,-4,16,0542,160,156,131,996,0853,9,0910,0902,-8,0,0,,,,,,	
LaGuardia Airport (Marine Air Terminal),New York,NY,USA,40.77724,-73.87261,Delta Air Lines Inc.,2015,5,19,2,2696,N919AT,BOS,2159,2159,0,46,2245,68,94,44,184,2329,4,2307,2333,26,0,0,,26,0,0,0,0	
Minneapolis-Saint Paul International Airport,Minneapolis,MN,USA,44.88055,-93.21692,Atlantic Southeast Airlines,2015,5,25,1,5287,N730EV,RIC,1914,1909,-5,9,1918,154,134,121,970,2219,4,2248,2223,-25,0,0,,,,,,	
Phoenix Sky Harbor International Airport,Phoenix,AZ,USA,33.43417,-112.00806,Southwest Airlines Co.,2015,12,3,4,399,N208WN,DTW,1355,1358,3,11,1409,220,221,201,1671,1930,9,1935,1939,4,0,0,,,,,,	
John F. Kennedy International Airport (New York International Airport),New York,NY,USA,40.63975,-73.77893,Delta Air Lines Inc.,2015,3,5,4,428,N721TW,SFO,1515,,,,,405,,,2586,,,1900,,,0,1,B,,,,,	
Phoenix Sky Harbor International Airport,Phoenix,AZ,USA,33.43417,-112.00806,Skywest Airlines Inc.,2015,5,2,6,2748,N944SW,PSP,0840,0834,-6,17,0851,77,70,44,261,0935,9,0957,0944,-13,0,0,,,,,,	
NA,NA,NA,NA,NA,American Airlines Inc.,United Air Lines Inc.,2015,10,14,3,1645,N37465,11618,1117,1118,1,14,1132,172,159,137,1023,1349,8,1409,1357,-12,0,0,,,,,,	
Seattle-Tacoma International Airport,Seattle,WA,USA,47.44898,-122.30931,Southwest Airlines Co.,2015,7,25,6,2833,N7716A,PHX,1445,1456,11,9,1505,170,161,146,1107,1731,6,1735,1737,2,0,0,,,,,,	
St. Louis International Airport at Lambert Field,St Louis,MO,USA,38.74769,-90.35999,American Airlines Inc.,2015,6,8,1,322,N4XJAA,DFW,0605,0600,-5,11,0611,108,108,81,550,0732,16,0753,0748,-5,0,0,,,,,,	
Tampa International Airport,Tampa,FL,USA,27.97547,-82.53325,Southwest Airlines Co.,2015,12,17,4,5224,N420WN,BNA,2030,2017,-13,12,2029,110,102,85,612,2054,5,2120,2059,-21,0,0,,,,,,	
Seattle-Tacoma International Airport,Seattle,WA,USA,47.44898,-122.30931,Delta Air Lines Inc.,2015,8,16,7,1397,N750AT,OGG,1825,1823,-2,20,1843,354,356,332,2640,2115,4,2119,2119,0,0,0,,,,,,	
Louis Armstrong New Orleans International Airport,New Orleans,LA,USA,29.99339,-90.25803,Delta Air Lines Inc.,2015,3,8,7,1970,N910DL,ATL,0915,0913,-2,8,0921,84,76,61,425,1122,7,1139,1129,-10,0,0,,,,,,	
Orlando International Airport,Orlando,FL,USA,28.42889,-81.31603,US Airways Inc.,2015,5,3,7,1872,N701UW,DCA,1450,1442,-8,13,1455,128,118,101,759,1636,4,1658,1640,-18,0,0,,,,,,	
Pittsburgh International Airport,Pittsburgh,PA,USA,40.49147,-80.23287,Southwest Airlines Co.,2015,8,3,1,4302,N216WR,ATL,0715,0710,-5,12,0722,105,101,79,526,0841,10,0900,0851,-9,0,0,,,,,,	
Salt Lake City International Airport,Salt Lake City,UT,USA,40.78839,-111.97777,Delta Air Lines Inc.,2015,11,26,4,1659,N833DN,SEA,1345,1349,4,16,1405,130,114,90,689,1435,8,1455,1443,-12,0,0,,,,,,	
John F. Kennedy International Airport (New York International Airport),New York,NY,USA,40.63975,-73.77893,Virgin America,2015,7,6,1,29,N847VA,SFO,1855,1924,29,29,1953,395,378,344,2586,2237,5,2230,2242,12,0,0,,,,,,	
Los Angeles International Airport,Los Angeles,CA,USA,33.94254,-118.40807,Skywest Airlines Inc.,2015,3,26,4,6431,N796SK,SAT,0823,0820,-3,29,0849,174,192,157,1211,1326,6,1317,1332,15,0,0,,15,0,0,0,0	
William P. Hobby Airport,Houston,TX,USA,29.64542,-95.27889,Southwest Airlines Co.,2015,3,13,5,4024,N448WN,AUS,2150,2146,-4,8,2154,45,42,28,148,2222,6,2235,2228,-7,0,0,,,,,,	
Palm Beach International Airport,West Palm Beach,FL,USA,26.68316,-80.09559,US Airways Inc.,2015,1,8,4,1972,N971UY,CLT,1200,1157,-3,14,1211,115,117,93,590,1344,10,1355,1354,-1,0,0,,,,,,	
NA,NA,NA,NA,NA,Alaska Airlines Inc.,Skywest Airlines Inc.,2015,10,2,5,4629,N607SK,14747,1357,1351,-6,22,1413,162,165,139,867,1632,4,1639,1636,-3,0,0,,,,,,	
Charlotte Douglas International Airport,Charlotte,NC,USA,35.21401,-80.94313,American Airlines Inc.,2015,6,4,4,2252,N3GLAA,DFW,1610,1709,59,23,1732,167,162,124,936,1836,15,1757,1851,54,0,0,,0,0,54,0,0	
San Angelo Regional Airport (Mathis Field),San Angelo,TX,USA,31.35775,-100.49631,American Eagle Airlines Inc.,2015,2,18,3,3453,N923MQ,DFW,1532,1525,-7,9,1534,63,55,40,229,1614,6,1635,1620,-15,0,0,,,,,,	
Kahului Airport,Kahului,HI,USA,20.89865,-156.43046,Hawaiian Airlines Inc.,2015,5,7,4,195,N485HA,HNL,2028,2023,-5,6,2029,34,41,21,100,2050,14,2102,2104,2,0,0,,,,,,	
Oakland International Airport,Oakland,CA,USA,37.72129,-122.22072,Southwest Airlines Co.,2015,8,31,1,2458,N275WN,MSY,1315,1314,-1,21,1335,250,254,228,1903,1923,5,1925,1928,3,0,0,,,,,,	
Gen. Edward Lawrence Logan International Airport,Boston,MA,USA,42.36435,-71.00518,Southwest Airlines Co.,2015,5,15,5,1017,N604SW,ATL,0550,0546,-4,24,0610,175,184,149,946,0839,11,0845,0850,5,0,0,,,,,,	
Range Regional Airport (Chisholm-Hibbing Airport),Hibbing,MN,USA,47.38660,-92.83899,Skywest Airlines Inc.,2015,1,25,7,7403,N445SW,INL,2126,2113,-13,11,2124,55,38,23,86,2147,4,2221,2151,-30,0,0,,,,,,	
Springfield-Branson National Airport,Springfield,MO,USA,37.24433,-93.38686,Atlantic Southeast Airlines,2015,1,18,7,5243,N923EV,ATL,1110,1101,-9,9,1110,100,93,80,563,1330,4,1350,1334,-16,0,0,,,,,,	
Baltimore-Washington International Airport,Baltimore,MD,USA,39.17540,-76.66820,United Air Lines Inc.,2015,8,27,4,1273,N69829,SFO,0545,0541,-4,10,0551,355,363,322,2457,0813,31,0840,0844,4,0,0,,,,,,	
John F. Kennedy International Airport (New York International Airport),New York,NY,USA,40.63975,-73.77893,JetBlue Airways,2015,12,1,2,263,N613JB,SEA,1359,1359,0,29,1428,375,340,307,2422,1635,4,1714,1639,-35,0,0,,,,,,	
NA,NA,NA,NA,NA,JetBlue Airways,JetBlue Airways,2015,10,19,1,532,N607JB,14869,1406,1401,-5,10,1411,103,97,84,588,1635,3,1649,1638,-11,0,0,,,,,,	
San Francisco International Airport,San Francisco,CA,USA,37.61900,-122.37484,Southwest Airlines Co.,2015,1,23,5,2433,N397SW,SAN,1405,1400,-5,8,1408,85,78,68,447,1516,2,1530,1518,-12,0,0,,,,,,	
Blue Grass Airport,Lexington,KY,USA,38.03697,-84.60539,Atlantic Southeast Airlines,2015,12,2,3,6076,N18557,ORD,1724,1741,17,13,1754,92,77,56,323,1750,8,1756,1758,2,0,0,,,,,,	
Seattle-Tacoma International Airport,Seattle,WA,USA,47.44898,-122.30931,Alaska Airlines Inc.,2015,9,18,5,608,N459AS,LAS,2135,2134,-1,22,2156,143,137,109,867,2345,6,2358,2351,-7,0,0,,,,,,	
NA,NA,NA,NA,NA,Alaska Airlines Inc.,Southwest Airlines Co.,2015,10,4,7,1114,N258WN,14570,1650,1800,70,22,1822,80,78,52,345,1914,4,1810,1918,68,0,0,,0,0,0,68,0	
Hartsfield-Jackson Atlanta International Airport,Atlanta,GA,USA,33.64044,-84.42694,United Air Lines Inc.,2015,12,16,3,410,N78285,EWR,1744,1740,-4,13,1753,141,128,103,746,1936,12,2005,1948,-17,0,0,,,,,,	
Dallas Love Field,Dallas,TX,USA,32.84711,-96.85177,Southwest Airlines Co.,2015,1,3,6,51,N520SW,HOU,1900,1903,3,7,1910,65,63,44,239,1954,12,2005,2006,1,0,0,,,,,,	
LaGuardia Airport (Marine Air Terminal),New York,NY,USA,40.77724,-73.87261,American Eagle Airlines Inc.,2015,5,5,2,3404,N825MQ,RDU,0815,0814,-1,28,0842,104,107,70,431,0952,9,0959,1001,2,0,0,,,,,,	
Kalamazoo/Battle Creek International Airport,Kalamazoo,MI,USA,42.23488,-85.55206,American Eagle Airlines Inc.,2015,8,5,3,3511,N822MQ,ORD,1140,1129,-11,12,1141,57,46,26,122,1107,8,1137,1115,-22,0,0,,,,,,	
Raleigh-Durham International Airport,Raleigh,NC,USA,35.87764,-78.78747,American Eagle Airlines Inc.,2015,2,8,7,3531,N535MQ,LGA,0845,,,,,94,,,431,,,1019,,,0,1,A,,,,,	
Phoenix Sky Harbor International Airport,Phoenix,AZ,USA,33.43417,-112.00806,Southwest Airlines Co.,2015,4,2,4,4297,N7728D,SNA,1600,1613,13,5,1618,70,67,59,338,1717,3,1710,1720,10,0,0,,,,,,	
NA,NA,NA,NA,NA,Alaska Airlines Inc.,Southwest Airlines Co.,2015,10,21,3,3147,N7828A,15016,1625,1619,-6,6,1625,125,107,98,786,1803,3,1830,1806,-24,0,0,,,,,,	
